shop,query,utc_time
ebay,men,2026-05-02T17:08:45.967Z
ebay,women,2026-05-02T17:09:11.488Z
ebay,unisex,2026-05-02T17:09:30.197Z
ebay,womens tops,2026-05-02T17:23:32.942Z
ebay,unisex high heels,2026-05-02T17:24:20.007Z
ebay,womens tops medium,2026-05-02T17:45:44.190Z
ebay,womens boots,2026-05-02T17:46:24.319Z
ebay,worx lawn equipment and power tools,2026-05-02T17:59:33.518Z
ebay,womens tommy bahama,2026-05-02T18:00:19.508Z
ebay,unisexbags
in ebay stores,2026-05-02T18:02:17.101Z
ebay,women arts,2026-05-02T18:02:29.494Z
ebay,wolverine 1000 mile boots,2026-05-02T18:39:47.368Z
ebay,unisex crewneck sweatshirt,2026-05-02T18:41:12.234Z
ebay,womens tops medium long sleeve,2026-05-02T18:41:32.404Z
ebay,wolverine 1000 mile 11,2026-05-02T18:43:59.379Z
ebay,kirkland signature unisex logo crewneck,2026-05-02T18:45:37.991Z
ebay,wolverine 1000 mile mens boots,2026-05-02T18:48:00.146Z
ebay,wolverine 1000 mile boots 12,2026-05-02T18:49:39.015Z
ebay,womens boots size 11,2026-05-02T18:51:03.304Z
ebay,womens tops medium with sleeves,2026-05-02T18:51:22.117Z
ebay,women's jeans plus
in ebay stores,2026-05-02T18:53:30.480Z
ebay,womens tops medium light pink,2026-05-02T18:53:47.150Z
ebay,women adidas shoes,2026-05-02T18:55:00.625Z
ebay,women arcteryx jacket,2026-05-02T18:55:42.279Z
ebay,women art vintage framed prints,2026-05-02T19:06:03.958Z
ebay,womens boho tops,2026-05-02T19:06:42.556Z
ebay,wolverine 1000 mile boots 10.5,2026-05-02T19:06:46.028Z
ebay,womens tommy hilfiger dress,2026-05-02T19:06:48.436Z
ebay,mini pc,2026-05-02T19:06:50.581Z
ebay,mens automatic watch,2026-05-02T19:06:52.524Z
ebay,wolverine 1000 mile 11.5,2026-05-02T19:06:54.327Z
ebay,women's bags handbags,2026-05-02T19:06:56.584Z
ebay,wolverine 10 1989,2026-05-02T19:06:58.888Z
ebay,womens tops medium lot
in women's clothing,2026-05-02T19:07:01.017Z
ebay,wolverine 1000 mile boots 9.5 mens,2026-05-02T19:07:02.440Z
ebay,cold water creek womens tops medium,2026-05-02T19:07:04.545Z
ebay,uniqlo t shirt,2026-05-02T19:07:06.044Z
ebay,womens boots size 42,2026-05-02T19:07:08.398Z
ebay,womens tank tops medium lot,2026-05-02T19:07:10.828Z
ebay,womens tops medium 3/4 sleeve italy,2026-05-02T19:07:12.823Z
ebay,womens long sleeve cotton tops medium,2026-05-02T19:07:14.866Z
ebay,wolverine 100,2026-05-02T19:07:16.273Z
ebay,womens tops medium with 3/4,2026-05-02T19:07:17.820Z
ebay,womens plus size tops 1x 2x 3x,2026-05-02T19:07:19.616Z
ebay,women artists art vintage framed,2026-05-02T19:07:21.350Z
ebay,women's unisex small hoodies patagonia,2026-05-02T19:07:23.036Z
ebay,womens white linen tops medium,2026-05-02T19:07:24.902Z
ebay,womens tops medium italy,2026-05-02T19:07:26.799Z
ebay,womens boots size 12w,2026-05-02T19:07:29.385Z
ebay,women's lee jeans plus size 22w,2026-05-02T19:07:31.422Z
ebay,my auto store,2026-05-02T19:07:33.696Z
ebay,womens bootcut jeans,2026-05-02T19:07:35.785Z
ebay,womens blazer jacket,2026-05-02T19:07:38.018Z
ebay,women's boots size 12 used,2026-05-02T19:07:39.733Z
ebay,womens jeans,2026-05-02T19:07:41.518Z
ebay,arcteryx beta ar jacket women,2026-05-02T19:07:43.683Z
ebay,wolverine 1000 mile size 9 mens,2026-05-02T19:07:45.540Z
ebay,wolverine 1000 mile moc toe,2026-05-02T19:07:49.779Z
ebay,women's unisex small zip hoodies,2026-05-02T19:07:51.981Z
ebay,all ratingsselected,2026-05-02T19:07:53.943Z
ebay,womens tops and blouses,2026-05-02T19:07:55.370Z
ebay,womens boots size 10.5,2026-05-02T19:07:57.462Z
ebay,womens boots size 10,2026-05-02T19:07:59.301Z
ebay,unisex panties
in women's clothing,2026-05-02T19:08:00.730Z
ebay,womens long sleeve athletic tops size medium,2026-05-02T19:08:02.765Z
ebay,wolverine 102.5,2026-05-02T19:08:04.812Z
ebay,mendel-fine-steel,2026-05-02T19:08:06.669Z
ebay,womens pajamas sets,2026-05-02T19:08:09.105Z
ebay,women adidas shoes size 10,2026-05-02T19:08:10.857Z
ebay,womens jeans plus size,2026-05-02T19:08:13.067Z
ebay,ralph lauren women's jeans new plus size,2026-05-02T19:08:14.959Z
ebay,womens tommy bahama shorts,2026-05-02T19:08:17.605Z
ebay,womens tommy hilfiger xl,2026-05-02T19:08:18.834Z
ebay,negative,2026-05-02T19:08:20.937Z
ebay,rains jacket unisex waterproof hooded raincoat,2026-05-02T19:08:22.852Z
ebay,womens tops medium pre owned lot,2026-05-02T19:08:24.903Z
ebay,womens blouses
in women's clothing,2026-05-02T19:08:26.752Z
ebay,kirkland signature sweatshirt,2026-05-02T19:08:28.327Z
ebay,women adidas shoes size 9,2026-05-02T19:08:29.957Z
ebay,wolverine 1000 mile 9.5 mens,2026-05-02T19:08:32.359Z
ebay,arcteryx pants women,2026-05-02T19:08:34.300Z
ebay,womens tops m,2026-05-02T19:08:36.483Z
ebay,wolverine 1000 mile 8.5,2026-05-02T19:08:38.573Z
ebay,womens boots size 10 wide,2026-05-02T19:08:40.209Z
ebay,positive,2026-05-02T19:08:42.403Z
ebay,womens tommy hilfiger sweater,2026-05-02T19:08:45.837Z
ebay,womens leather jacket,2026-05-02T19:08:48.196Z
ebay,arcteryx ski jacket women,2026-05-02T19:08:50.058Z
ebay,arcteryx medium women,2026-05-02T19:08:52.619Z
ebay,women arcteryx
in women's clothing,2026-05-02T19:08:54.169Z
ebay,womens knit long sleeve tops medium,2026-05-02T19:08:56.072Z
ebay,union arena solo leveling,2026-05-02T19:08:58.502Z
ebay,worx lawn equipment and power tools
in ebay stores,2026-05-02T19:09:01.183Z
ebay,women art to wear tops,2026-05-02T19:09:03.879Z
ebay,womens tops medium lightweight,2026-05-02T19:09:05.749Z
ebay,express womens tops medium,2026-05-02T19:09:07.575Z
ebay,mens wallet,2026-05-02T19:09:08.802Z
ebay,womens medium tops 3/4 sleeves,2026-05-02T19:09:10.910Z
ebay,women adidas shoes
in women's shoes,2026-05-02T19:09:13.317Z
ebay,alo yoga unisex half-crew throwback socks,2026-05-02T19:09:15.518Z
ebay,womens watches,2026-05-02T19:09:17.438Z
ebay,men and toys,2026-05-02T19:09:19.738Z
ebay,universal thread dress,2026-05-02T19:09:21.585Z
ebay,womens tommy bahama medium,2026-05-02T19:09:23.769Z
ebay,wolverine 1000 mile 12,2026-05-02T19:09:25.931Z
ebay,mega auto parts,2026-05-02T19:09:27.845Z
ebay,wolverine 1000 mile 10,2026-05-02T19:09:29.785Z
ebay,womens tommy hilfiger pants,2026-05-02T19:09:31.533Z
ebay,women's plus size jeans 18w,2026-05-02T19:09:33.675Z
