shop,partial_query,suggestion
ebay,me,macbook pro
ebay,macboo,macbook pro
ebay,unis,unistrip test strips
ebay,unis,unistellar evscope 2
ebay,unis,unisex fragrances
ebay,unis,unistrip glucose test strips
ebay,unis,unistrut trolley
ebay,unis,unisom sleep tabs
ebay,unis,uni syn carburetor synchronizer
ebay,unis,unisaw table saw
ebay,unis,unisex kids' shoes
ebay,unis,unistore
ebay,unis,unistar-sparco computers
ebay,unise,unisex watch
ebay,unise,unisex baby clothes lot
ebay,unise,unisex sunglasses
ebay,unise,unisex panties
ebay,unise,unisex panties for men
ebay,unise,unisex fragrances tester
ebay,unise,uni seat bmx
ebay,unise,uni seat
ebay,unise,unisexbags
ebay,unise,unisexshoestore all sizes men women
ebay,unisex,unisex t shirt
ebay,unisex,unisex baby clothes
ebay,wom,womens shoes
ebay,wom,womens dresses
ebay,wom,womens tops
ebay,wom,women's bags handbags
ebay,wom,work boots
ebay,wom,wolf grey jordan 5
ebay,wom,womens golf clubs set
ebay,wom,world coins
ebay,wom,wonders of the first
ebay,wom,world of warcraft
ebay,wom,worlds best deals
ebay,wom,worx lawn equipment and power tools
ebay,wome,womens jeans
ebay,wome,womens watches
ebay,wome,womens pants
ebay,wome,womens boots
ebay,wome,womens cowboy boots
ebay,wome,wombat cards
ebay,wome,woman within plus size clothing
ebay,women,womens plus size tops 1x 2x 3x
ebay,women,women's jeans plus
ebay,unis,universal geneve
ebay,unis,universal geneve
ebay,unis,universal geneve
ebay,unis,universal thread
ebay,unis,union arena
ebay,unis,union arena solo leveling
ebay,unis,unifi travel router
ebay,unis,unihertz titan 2
ebay,unis,uniball zento signature
ebay,unis,unified minds booster box
ebay,unis,union jordan 1
ebay,unis,united states
ebay,unis,unitedtires
ebay,unis,unixsurpluscom
ebay,unise,unisexbags
ebay,unise,unisexshoestore all sizes men women
ebay,wonders of ,wonders of the first
ebay,wonders of ,wonders of the first
ebay,wonders of ,wonders of the first tcg
ebay,wonders of ,wonders of the first booster box
ebay,wonders of ,wonders of the first call of the stones
ebay,wonders of ,wonders of the first box
ebay,wonders of ,wonders of the first ocm
ebay,wonders of ,wonders of the first formless foil
ebay,wonders of ,wonders of the first promo
ebay,wonders of ,wonders of the first existence
ebay,wonders of ,wonders of the first mythic
ebay,wonders of ,wonders of past and present
ebay,wonders of ,wonders of jenn
ebay,wonders of the first,wonders of the first booster box
ebay,wonders of the first,wonders of the first booster box
ebay,unisex panti,12 nylon unisex panties 3xl bikini
ebay,unisex panti,nylon unisex panties 3xl bikini
ebay,unisex panties for,unisex panties for women
ebay,unisex panties for men,unisex panties for mens
ebay,unistellar ,unistellar evscope 2
ebay,unistellar ,unistellar telescope
ebay,unistellar ,unistellar equinox 2
ebay,unistellar ,unistellar evscope
ebay,unistellar ,unistellar odyssey pro
ebay,unistellar ,unistellar odyssey
ebay,unistellar ,unistellar
ebay,unistellar ,all ratingsselected
ebay,unistellar ,positive
ebay,unistellar ,neutral
ebay,unistellar ,negative
ebay,unistrip te,unistrip 1 blood glucose test strips 200ct
ebay,unistrip te,unistrip 1 blood glucose test strips
ebay,unistrip te,unistrip test
ebay,unistrip te,unistrip technologies
ebay,uni sea,uniseal
ebay,uni sea,uniqlo seamless down parka
ebay,uni sea,uniqlo seamless down jacket
ebay,uni sea,uniqlo seamless down jacket men
ebay,uni sea,uniqlo seamless down coat
ebay,uni sea,uniqlo seamless down long coat
ebay,uni sea,uniqlo seamless down short coat
ebay,uni sea,uniqlo seamless down parka men
ebay,uni seat,old school bmx uni seat
ebay,uni seat,vintage uni bmx seat
ebay,uni seat,uni seat cover
ebay,unisex t,tom ford unisex fragrances
ebay,unisex t,charlotte tilbury unisex healthy glow
ebay,unisex t,tommy hilfiger eyeglasses unisex
ebay,unisex t,eau de parfum tester unisex
ebay,unisex t,onitsuka tiger unisex adult mexico 66 sneaker
ebay,unisex t,converse unisex chuck taylor all star
ebay,unisex t,tom ford bronson tf1044 unisex sunglasses
ebay,unisex t,wwe unisex t shirt
ebay,unisex t s,michael jackson unisex t-shirt
ebay,unisex t s,nike t shirt medium unisex
ebay,unisex t s,winnie the pooh t shirts unisex
ebay,unisex t s,unisex louis vuitton t shirt new
ebay,unisex ,unisex underwear
ebay,unisex ,unisex low-cut no-show sports socks
ebay,unisex ,unisex crewneck sweatshirt
ebay,unisex ,unisex midweight hooded sweatshirt - ss4500
ebay,unisex ,unisex garment-dyed crewneck sweatshirt - gdh400
ebay,unisex ,unisex size 7 sneakers
ebay,unisex w,nike unisex nba white crew socks
ebay,unisex w,crocs men's and women's unisex baya lined clogs
ebay,unisex w,women's unisex small zip hoodies
ebay,unisex w,winnie the pooh sweater unisex
ebay,unisex w,converse low top unisex 8 women
ebay,unisex w,unisex checkbook wallet
ebay,unisex w,women's unisex small hoodies patagonia
ebay,unisex w,bucket hat black and white unisex
ebay,unisex wa,crocs unisex crush platform waterproof rain boots
ebay,unisex wa,rains jacket unisex waterproof hooded raincoat
ebay,unisex wa,rains unisex hooded waterproof raincoat
ebay,unisex wa,activa x invicta digital unisex watch
ebay,unisex wa,rolex unisex watch
ebay,unisex wa,unisex diamond watch
ebay,unisex wa,timex unisex expedition digital cat 33mm watch
ebay,unisex wa,gucci watch unisex
ebay,unisex wat,ice unisex watch
ebay,unisex watch,fossil vintage watch unisex
ebay,unisex watch,casio unisex watch
ebay,unisex watch,unisex vintage gucci watch
ebay,worlds be,worlds brightest flashlight
ebay,worlds be,worlds brightest flashlight
ebay,worlds be,worlds best cat litter
ebay,worlds be,worlds best reading readers digest
ebay,worlds be,worlds bundle riftbound
ebay,worlds be,worlds bundle 2025 riftbound
ebay,worlds be,worlds best cables
ebay,worlds be,worlds best cat litter 32 lbs
ebay,worlds be,worlds best boss mug
ebay,worlds be,worlds best comics 1
ebay,worlds be,worlds best deals
ebay,worlds be,worldsbestguitarshop
ebay,worlds bes,worlds best fairy tales readers digest 1967
ebay,worlds bes,world's best reading
ebay,worlds bes,worlds best cat litter 28 lbs
ebay,worlds best d,worlds best deals live
ebay,worlds best d,the worlds best fairy tales readers digest
ebay,worlds best d,hot wheels worlds best driver xbox 360
ebay,worlds best d,hannah montana best of both worlds doll
ebay,worlds best d,the worlds best 100 detective stories
ebay,worlds best d,hot wheels worlds best driver wii u
ebay,worlds best d,hot wheels worlds best driver 3ds
ebay,womens ,womens watches
ebay,womens ,womens watches
ebay,womens ,womens sandals
ebay,womens ,womens plus size tops 1x 2x 3x
ebay,womens ,women's jeans plus
ebay,womens je,womens jewelry
ebay,womens je,women's jewelry 14 karat gold
ebay,womens je,womens jeans size 10
ebay,womens je,womens jean shorts
ebay,womens je,womens jeans size 6
ebay,womens je,womens jeans size 12
ebay,womens je,womens jeans size 14
ebay,womens je,womens jeans size 16
ebay,womens je,womens jean jacket
ebay,womens jean,womens jean jacket
ebay,womens jean,womens jeans size 8
ebay,womens jean,womens jeans size 18
ebay,womens ,womens blouses
ebay,womens ,womens shorts
ebay,womens ,womens sweaters
ebay,womens ,womens leather jacket
ebay,womens ,womens pajamas sets
ebay,womens ,selectselected
ebay,womens ,black
ebay,womens ,blue most popularmost popular
ebay,womens ,light blue
ebay,womens ,20 (out of stock)
ebay,womens sh,womens shirts
ebay,womens sh,womens short sleeve tops
ebay,womens sh,womens shorts size 12
ebay,womens sh,womens short sleeve sweater
ebay,womens sh,womens shorts size 14
ebay,womens sh,womens shorts size 16
ebay,womens sh,womens shorts size 10
ebay,womens sh,womens short sleeve button down shirts
ebay,womens shoe,womens short sleeve tops xl
ebay,womens shoes,womens shoes size 8
ebay,womens shoes,womens shoes size 9
ebay,womens shoes,womens shoes size 7
ebay,womens shoes,womens shoes size 10
ebay,womens shoes,womens shoes 7.5
ebay,womens shoes,womens shoes size 11
ebay,womens shoes,womens shoes 8.5
ebay,womens shoes,womens shoes size 6
ebay,womens shoes,womens shoes size 6.5
ebay,unist,unisa women shoes
ebay,unist,unisa women sandals
ebay,unist,unisa women boots
ebay,unist,uni shoes
ebay,unist,unistar-sparco computers
ebay,unist,unistore
ebay,unisto,uni stone brass
ebay,unisto,uni stone brass
ebay,unisto,uni stories vintage sports
ebay,work b,workout sets for women
ebay,work b,workout sets for women
ebay,work b,workout tops for women
ebay,work b,work dresses for women
ebay,work b,work gloves
ebay,work b,work gloves for men
ebay,work b,work pants for men
ebay,work b,work boots for men
ebay,work b,work shoes for man
ebay,work b,work jacket for men
ebay,work b,workshop_tools
ebay,work b,workplace mall
ebay,work bo,work boots for women
ebay,work bo,work bags for women
ebay,work bo,work boots steel toe
ebay,work bo,work boots 10.5
ebay,work bo,work boots size 12
ebay,work bo,work boots size 9
ebay,work bo,work boots 11
ebay,work bo,work boots 10
ebay,work bo,work boots western
ebay,work bo,work bench auto
ebay,work boo,work boots size 11
ebay,work boo,work boots
ebay,unisaw ta,delta unisaw table saw
ebay,unisaw ta,10 delta unisaw table saw
ebay,unisaw ta,delta unisaw table saw parts
ebay,unisaw ta,rockwell unisaw table saw
ebay,unisaw ta,used delta unisaw table saw
ebay,world of ,world of warcraft shirt
ebay,world of ,world of books
ebay,world of ,world of warcraft collectors edition
ebay,world of ,world of warcraft tcg
ebay,world of ,world of warcraft figure
ebay,world of ,world of warcraft midnight collectors edition
ebay,world of ,world of springfield
ebay,world of ,world of warcraft midnight
ebay,world of ,world of nintendo figures
ebay,world of ,world of books usa
ebay,world of ,world of computer parts
ebay,world of wa,world of warcraft mount
ebay,world of wa,world of warcraft board game
ebay,world of wa,world of warcraft statue
ebay,world of wa,worldofwayne collection
ebay,world of wa,world of wax
ebay,world of war,world of warcraft trading cards
ebay,unisex kid,unisex kids' shoes
ebay,unisex kid,unisex kids leather jacket
ebay,unisex kid,kirkland signature unisex logo crewneck
ebay,unisex kid,nike unisex kids shoes
ebay,unisex kid,jordan unisex kids shoes
ebay,unisex kid,crocs unisex-child kids literide 360 clog
ebay,unisex kid,kirkland signature unisex shearling slipper
ebay,unisex kid,adidas originals unisex kids youth
ebay,unisex kid,cardo unisex adult packtalk helmet kit
ebay,unisex kids' sh,unisex kids shoes
ebay,unisex kids' sh,unisex kids shirt
ebay,unisex kids' sho,unisex kids shorts
ebay,womens b,womens blouses
ebay,womens b,womens blazer
ebay,womens b,womens boho tops
ebay,womens b,womens button down shirts
ebay,womens b,womens brooks size 8
ebay,womens b,womens birkenstocks size 39
ebay,womens b,womens brooks size 9
ebay,womens b,womens boots size 8
ebay,womens boo,womens boots size 9
ebay,womens boo,womens bootcut jeans
ebay,womens boo,womens boots size 7
ebay,womens boo,womens boots size 10
ebay,womens boo,womens boots size 12
ebay,womens boo,womens boots size 11
ebay,womens boo,womens boots size 6
ebay,womens boo,womens boots size 8.5
ebay,womens boot,womens bootcut jeans
ebay,unisex,unisex high heels
ebay,unisex,unisex high heels
ebay,unisex,unisex beret cap for men
ebay,unisex,unisex skirt
ebay,unisexb,unisex beret cap for men
ebay,unisexb,unisex boots
ebay,unisexb,unisex baby
ebay,unisexb,unisex backpack
ebay,unisexb,unisex bracelet
ebay,unisex su,unisex sunglasses
ebay,unisex su,unisex sunglasses
ebay,unisex su,birkenstock unisex tokyo super grip black clogs
ebay,unisex su,prada unisex sunglasses
ebay,unisex su,balenciaga sunglasses unisex
ebay,unisex su,ray ban sunglasses unisex
ebay,unisex su,scrub cap medical hat surgical cap unisex
ebay,unisex su,luggage jansport unisex superbreak multi
ebay,unisex su,nike sunglasses unisex
ebay,unisex su,versace sunglasses unisex
ebay,unisex sun,gucci sunglasses unisex
ebay,unisex sun,tom ford unisex sunglasses
ebay,unisex sun,oakley sunglasses unisex
ebay,wombat ,wombat plush
ebay,wombat ,wombat silver coin
ebay,wombat ,wombat
ebay,wombat ,wombat cd
ebay,wombat ,supreme wombat
ebay,wombat ,the wombats shirt
ebay,wombat ,hodaka combat wombat 125
ebay,wombat ,hodaka combat wombat
ebay,wombat ,hand to hand wombat
ebay,wombat ,the wombats vinyl
ebay,wombat ,wombat cards
ebay,wombat ,wombatgifts
ebay,wombat ca,halo mega construx odst wombat overwatch
ebay,wombat ca,combat wombat
ebay,wombat ca,wombat comics and cards
ebay,women's jeans,womens jeans lot
ebay,women's jeans p,womens jeans plus size
ebay,women's jeans p,womens jeans plus size
ebay,women's jeans p,womens jeans paint
ebay,women's jeans p,women's plus size jeans 18w
ebay,women's jeans p,women's levi strauss jeans plus size 22w
ebay,women's jeans p,levi's premium women's 501 '90s jeans
ebay,women's jeans p,women's plus size jeans size 24
ebay,women's jeans p,women's plus size stretch jeans size 22w
ebay,women's jeans p,women's plus wallflower jeans size 20
ebay,women's jeans p,women's printed jeans size 12
ebay,women's jeans p,women's jeans 14 petite
ebay,women's jeans pl,ralph lauren women's jeans new plus size
ebay,women's jeans pl,women's lee jeans plus size 22w
ebay,women's jeans pl,women's plus size 14w jeans
ebay,women's jeans pl,women's plus size stretch jeans size 20w
ebay,wolf grey ,wolf grey jordan 5 2026
ebay,wolf grey ,wolf grey 5
ebay,wolf grey ,wolf grey jordan 5 size 13
ebay,wolf grey ,wolf grey jordan 5 size 11
ebay,wolf grey ,wolf grey jordan 5 size 10
ebay,wolf grey ,wolf grey jordan 5 10.5
ebay,wolf grey ,wolf grey jordan 5 size 9
ebay,wolf grey ,wolf grey jordan 5 size 8
ebay,wolf grey ,wolf grey jordan 5 size 12
ebay,wolf grey j,wolf grey jordan 5 size 10.5
ebay,wolf grey jordan 5,wolf grey jordan 5 2026
ebay,womens w,womens wide leg jeans
ebay,womens w,womens wrangler jeans
ebay,womens w,womens wide leg pants
ebay,womens w,womens winter coats
ebay,womens w,womens wool coat
ebay,womens w,womens western shirts
ebay,womens w,women sweater
ebay,womens w,womens windbreaker jacket
ebay,womens w,womens white button down shirt
ebay,womens w,womens wallets
ebay,womens wat,womens waterproof rain jacket
ebay,womens wat,womens waterproof rain jacket
ebay,womens wat,womens waffle knit tops
ebay,womens wat,womens wallets leather
ebay,womens wat,womens walking shoes
ebay,womens wat,womens water shoes
ebay,womens wat,womens wallets long
ebay,womens wat,womens waterproof boots
ebay,womens wat,womens walking shoes size 8
ebay,womens wat,womens waterproof winter boots
ebay,womens watc,womens waterproof pants
ebay,womens watc,womens waterproof hiking boots
ebay,womens watc,womens waterproof hiking shoes
ebay,womens watc,womens waterproof hiking boots size 8
ebay,womens watc,womens waterproof shoes
ebay,womens watc,womens waterproof snow boots
ebay,womens watch,womens watches vintage
ebay,womens watch,womens watches gold
ebay,womens watch,womens watches bulova
ebay,womens watch,womens watches stainless steel silver
ebay,womens watch,womens watches citizen
ebay,womens watch,womens watches leather band
ebay,womens watch,womens watches new
ebay,womens watch,womens watch lot
ebay,womens watch,womens watches seiko
ebay,womens watches,womens watches vintage
ebay,womens watches,womens watches michael kors
ebay,unisex baby ,unisex baby clothes lot
ebay,unisex baby ,baby clothes 0 3 months unisex
ebay,unisex baby ,newborn baby clothes unisex
ebay,unisex baby ,new born unisex baby lot
ebay,unisex baby ,vintage baby clothes unisex
ebay,unisex baby ,18 month baby romper unisex
ebay,unisex baby ,handmade crochet baby blanket new unisex
ebay,womens d,womensport collectibles
ebay,womens dr,womens dress shoes
ebay,womens dr,womens dresses size 16
ebay,womens dr,womens dresses size 14
ebay,womens dr,womens dresses size 12
ebay,womens dr,womens dress pants
ebay,womens dr,womens dresses size 10
ebay,womens dr,womens dresses size 18w
ebay,womens dr,womens dresses size 8
ebay,womens dr,womens dr martens size 8
ebay,womens dr,women's dress closet and things
ebay,womens dre,womens dress shoes size 9
ebay,womens dresses,womens dresses size 12
ebay,womens dresses,womens dresses size small
ebay,womens dresses,womens dresses size 4
ebay,womens dresses,womens dresses size 1x
ebay,wom,world war supply
ebay,wom,0 (out of stock)
ebay,wom,00 (out of stock)
ebay,wom,12 (out of stock)
ebay,wom,14 (out of stock)
ebay,wom,16 (out of stock)
ebay,wom,18 (out of stock)
ebay,wome,womens maxi dress
ebay,wome,womens maxi dress
ebay,wome,womens rolex watch
ebay,wome,womeyouer77 store
ebay,wome,womeaq
ebay,uni syn carburet,uni syn carburetor synchronizer
ebay,woman within plu,woman within plus size tops 4x
ebay,woman within plu,woman within plus size tops 4x
ebay,woman within plu,woman within plus size 4x
ebay,woman within plu,woman within plus size tops 2x
ebay,woman within plu,woman within plus size tops
ebay,woman within plu,woman within plus size
ebay,woman within plu,womans plus size 2x woman within
ebay,woman within plu,womans plus size 3x woman within
ebay,woman within plu,woman within plus size clothing
ebay,woman within plus size c,woman within plus size capris
ebay,woman within plus size c,woman within plus size cardigan
ebay,unisex p,unisex panties
ebay,unisex pa,crocs echo clog zuecos unisex para adultos
ebay,unisex pa,zuecos crocs unisex para adultos echo dot
ebay,unisex pa,patagonia unisex atom sling 8l daypack
ebay,unisex pa,crocs zuecos literide 360 unisex para adultos
ebay,unisex pant,unisex pants
ebay,unisex pant,unisex pantyhose
ebay,world ,world of warcraft
ebay,world ,world of warcraft
ebay,world ,world baseball classic
ebay,world ,world eaters 40k
ebay,world ,world paper money
ebay,world ,world coins silver
ebay,world ,world trade center
ebay,world c,world cup 2026
ebay,world c,world cup 2026
ebay,world c,world cup 2026
ebay,world c,world cup
ebay,world c,world cup trophy
ebay,world c,world cup ball
ebay,world c,world coin lot
ebay,world c,world cup lego
ebay,world c,world cup 2026 jersey
ebay,world c,world cup monopoly
ebay,world c,world class comics gold and silver
ebay,world c,worldchips
ebay,world co,world coins lot bulk
ebay,world co,world coin collection
ebay,world co,world coins toning
ebay,world co,world coins silver lot
ebay,world co,world coins collections lots
ebay,world co,world coin proof sets
ebay,world co,world coin lot pounds
ebay,world co,world-coin
ebay,world co,worldcosmeticsinc
ebay,world coi,worldcoinandcurrencyllc
ebay,world coins,world coins lot
ebay,world coins,world coins pcgs
ebay,world coins,world coins ngc
ebay,world coins,world coins silver crown large
ebay,world coins,worldcoinsinternational
ebay,world coins,world coins and paper money
ebay,womens plus size,womens plus size tops
ebay,womens plus size,womens plus size tops 3x
ebay,womens plus size,womens plus size tops 2x
ebay,womens plus size,womens plus size 4x tops
ebay,womens plus size,womens plus size tops 2x lot
ebay,womens plus size,womens plus size tunic tops 2x
ebay,womens plus size,womens plus size clothes
ebay,womens plus size,womens plus size dresses
ebay,womens plus size,womens plus size dresses 2x
ebay,womens plus size,womens plus size dresses 3x
ebay,womens plus size,womensplussizebelts
ebay,womens plus size t,womens plus size tops 1x
ebay,womens plus size t,womens plus size t shirts
ebay,womens plus size t,womens plus size tops size 5x
ebay,womens plus size t,womens plus size tank tops 2x
ebay,womens plus size t,womens plus size tank tops 3x
ebay,womens plus size top,womens plus size tops 4x
ebay,womens plus size top,womens plus size tops 3x 3/4 sleeve
ebay,womens plus size top,womens plus size tops button down
ebay,womens plus size top,womens plus size tops 18-20
ebay,womens plus size tops 1,womens plus size tops 1x
ebay,womens plus size tops 1,womens plus size tops 1x teal
ebay,womens plus size tops 1,womens plus size tops 1x 2x
ebay,womens plus size tops 1,womens plus size 3/4 sleeve tops 1x
ebay,womens plus size tops 1,talbots plus size 1x womens tops
ebay,womens plus size tops 1,womens tops and blouses plus size 1x
ebay,womens plus size tops 1,womens plus size 1x short sleeve tops
ebay,womens plus size tops 1,ava viv womens plus size 1x tops
ebay,womens plus size tops 1,avenue plus size 18 20 womens tops
ebay,womens plus size tops 1x ,catherines womens plus size tops 1x
ebay,womens plus size tops 1x ,womens plus size tops polyester spandex 1x
ebay,womens plus size tops 1x 2x 3,womens plus size tops 1x 2x 3/4
ebay,unistrip glucos,unistrip glucose
ebay,unistrip glucos,unistrip glucose test
ebay,women's bag,womens baggy jeans
ebay,women's bag,womens baggy pants
ebay,women's bag,womens baggy cargo pants
ebay,women's bag,womens baggy wide leg jeans
ebay,women's bag,womens baggy sweatpants
ebay,women's bag,womens baggy nylon jogger pants
ebay,women's bag,womens baggy hiking pants
ebay,women's bag,womens bags
ebay,women's bag,women's bags handbags authentic designer
ebay,women's bags,women's bags handbags coach
ebay,women's bags,women s bags handbags louis vuitton
ebay,women's bags,women's bags handbags michael kors
ebay,women's bags,women's bags handbags coach new
ebay,women's bags,women's bags handbags karl lagerfeld
ebay,women's bags,women's bags handbags michael kors used denim
ebay,women's bags,women's bags handbags michael kors used
ebay,women's bags h,women's bags handbags dooney and bourke
ebay,womens ,womens purses and handbags
ebay,womens pa,womens panties
ebay,womens pa,womens pant suit
ebay,womens pa,womens patagonia jacket
ebay,womens pa,womens pajamas
ebay,womens pa,womens pajama pants
ebay,womens pa,womens pants size 14
ebay,womens pa,womens patagonia
ebay,womens pa,womens patagonia large
ebay,womens pa,women's paradise
ebay,womens pant,womens panties lot
ebay,womens pant,womens pants size 12
ebay,womens pant,womens pants size 10
ebay,womens pant,womens pant suit size 14
ebay,womens pant,womens pant suit size 12
ebay,womens pant,womens pant suit size 10
ebay,womens pants,womens pants size 12
ebay,womens pants,womens pant suit size 16
ebay,womens pants,womens pant suit size 6
ebay,unisex fragra,unisex fragrance auctions
ebay,unisex fragra,unisex pure fragrance body oil
ebay,unisex fragra,unisex pre-owned fragrances
ebay,unisex fragrances ,unisex fragrances auction
ebay,unisex fragrances ,unisex fragrances 3.4
ebay,unisex fragrances t,unisex fragrances tester
ebay,unisex fragrances t,unisex fragrances testers
ebay,unisex fragrances t,unisex fragrances testers 3.4
ebay,uni s,unisom sleep melts
ebay,uni s,uni-solve adhesive remover
ebay,uni s,unisom pm pain
ebay,uni sea,uni seat
ebay,uni sea,uniqlo seamless down short jacket
ebay,uni sea,uniqlo seamless down parka women
ebay,worx lawn equipmen,worx lawn equipment and power tools
ebay,worx lawn equipment and po,worx lawn equipment and power
ebay,unisom sl,unisom sleep gels
ebay,unisom sl,unisom sleep gels 100
ebay,unisom sl,unisom sleep tabs 80
ebay,unisom sl,unisom simple slumbers
ebay,unisom slee,unisom sleep
ebay,unisom sleep,unisom sleep aid
ebay,me,mens cologne
ebay,me,mens shoes
ebay,me,mens underwear
ebay,me,mens cowboy boots
ebay,me,mens sunglasses
ebay,me,merrell shoes men
ebay,me,mens wallet
ebay,me,mega charizard ex
ebay,me,mens watches
ebay,me,mega charizard x ex 125/094
ebay,me,message seller
ebay,me,me
ebay,me,mega auto parts
ebay,men,mens golf shoes
ebay,men,mens jeans
ebay,men,mens leather jacket
ebay,men,mens dress shoes
ebay,men,mensajes
ebay,men,mendel-fine-steel
ebay,men,mender
ebay,unistrut ,unistrut trolley
ebay,unistrut ,unistrut trolley
ebay,unistrut ,unistrut channel
ebay,unistrut ,unistrut bracket
ebay,unistrut ,unistrut fittings
ebay,unistrut ,unistrut channel 10 ft
ebay,unistrut ,unistrut channel 1-5/8
ebay,unistrut ,unistrut rollers
ebay,unistrut ,unistrut end caps
ebay,unistrut ,unistrut
ebay,unistrut ,unistrut angle bracket
ebay,unistrut t,unistrut trolly
ebay,womens cow,womens cowboy boots size 8
ebay,womens cow,womens cowboy boots size 9
ebay,womens cow,womens cowboy boots size 7
ebay,womens cow,womens cowboy boots size 10
ebay,womens cow,womens cowboy boots size 8.5
ebay,womens cow,womens cowboy boots size 7.5
ebay,womens cow,womens cowboy boots size 11
ebay,womens cow,womens cowboy boots size 9.5
ebay,womens cow,womens cowboy boots size 6
ebay,womens cowboy,womens cowboy boots size 9
ebay,womens cowboy,womens cowboy boots size 9
ebay,womens cowboy boots,womens cowboy boots size 8
ebay,unisex bab,unisex baby clothes
ebay,womens golf,womens golden goose sneakers
ebay,womens golf,womens golf shirts
ebay,womens golf,womens golf dress
ebay,womens golf,womens golf clothes
ebay,womens golf,womens golf shorts
ebay,womens golf,womens golf shirts medium
ebay,womens golf,womens golf shirts large
ebay,womens golf,womens golf clubs
ebay,womens golf,womens golf bag
ebay,womens golf ,womens golf apparel clothing
ebay,womens golf c,womens golf clothes medium
ebay,womens golf c,womens golf clothes small
ebay,womens golf c,womens golf clothes xl
ebay,womens golf c,womens golf clubs complete set
ebay,womens golf c,womens golf clubs set used
ebay,womens golf c,womens golf clubs set callaway
ebay,womens golf c,womens golf clubs full set
ebay,womens golf clu,womens golf clubs set
ebay,womens golf clu,womens golf clubs set
ebay,womens golf clu,womens golf clubs iron set
ebay,womens golf clu,womens golf clubs set taylormade
ebay,womens golf clu,womens golf clubs set with bag
ebay,womens golf clu,womens golf clubs complete set used
ebay,womens golf clubs se,womens golf clubs set right handed
ebay,womens golf clubs se,womens golf clubs set left handed
ebay,womens golf clubs se,womens golf clubs set ping
ebay,womens golf clubs se,womens golf clubs set pink
ebay,womens golf clubs se,womens golf clubs set cobra
ebay,unisex fr,unisex full neoprene wetsuit front zip
ebay,unisex fr,unisex full neoprene wetsuit front zip
ebay,unisex fr,unisex fur coat
ebay,unisex fr,mens unisex brooks glycerin flex shoe
ebay,unisex fr,the north face back pack unisex
ebay,unisex fr,nike acg mountain fly black ib7328-002 unisex
ebay,unisex fra,maui jim unisex frame sunglasses
ebay,unisex fra,new cartier rimless unisex gold eyeglasses frames
ebay,womens,womens perfume
ebay,womens,women arts
ebay,womens to,womens t shirts
ebay,womens to,womens tank tops
ebay,womens to,womens tennis shoes
ebay,womens to,womens tops xl
ebay,womens to,womens tops medium
ebay,womens to,womens trench coat
ebay,womens to,womens tops large
ebay,womens to,womens tops and blouses
ebay,womens to,womens tunic tops
ebay,womens top,womens tops 2x
ebay,womens top,womens tops small
ebay,womens top,womens tops 1x
ebay,womens top,womens tops 3x
ebay,womens top,womens tops 1x 3/4 sleeve
ebay,10 delta unis,10 delta unisaw table saw
ebay,10 delta unis,delta unisaw 10 tilting arbor saw
ebay,10 delta unis,10 delta unisaw
ebay,10 delta unis,10 delta unisaw table
ebay,10 delta unis,10 delta unisaw parts
ebay,10 delta unis,10 delta unisaw motor
ebay,work g,work bench
ebay,work g,work light
ebay,work g,work bench with drawers
ebay,work g,work sharp ws3000
ebay,work g,work bench table
ebay,work g,work sharp knife sharpener
ebay,work g,work sharp ken onion
ebay,work g,work sharp
ebay,work g,work sharp precision adjust
ebay,work g,workshop_tools
ebay,work g,workplace mall
ebay,work gl,work gloves
ebay,work gl,work gloves
ebay,work gl,work glasses
ebay,work gl,work gloves 12 pairs
ebay,work gl,work gloves leather
ebay,work gl,work gloves xl
ebay,work gl,work gloves lot
ebay,work gl,work gloves for women
ebay,work gl,work glove clips
ebay,work gl,work gloves for men medium
ebay,work gl,workglovesdepot
ebay,work gl,work glove direct
ebay,work glov,work gloves bulk
ebay,work glove,work gloves for men
ebay,work glove,work gloves for men
ebay,work gloves,work gloves for men pack 12
ebay,tom ford unise,tom ford unisex
ebay,tom ford unise,tom ford unisex eyeglasses
ebay,tom ford unisex s,tom ford unisex shoes
ebay,tom ford unisex s,tom ford unisex sandals
ebay,worlds best cat,worlds best cables rca
ebay,worlds best cat,worlds best cables speaker
ebay,worlds best cat,worlds best cables xlr
ebay,worlds best cat ,worlds best cat dad
ebay,worlds best cat l,worlds best cat lot
ebay,worlds best cat lit,worlds best cat litter box
ebay,worlds best cat litter,worlds best cat litter 32 lbs
ebay,worlds best cat litter 2,worlds best cat litter 28 lbs
ebay,woman within ,woman within 2x
ebay,woman within ,woman within 3x
ebay,woman within ,woman within 1x
ebay,woman within ,woman within tops
ebay,woman within ,woman within 4x
ebay,woman within ,woman within dress
ebay,woman within ,woman within 5x
ebay,woman within ,woman within 1x tops
ebay,woman within ,woman within 2x tops
ebay,woman within ,woman within
ebay,woman within ,woman within plus size clothing
ebay,woman within ,all ratingsselected
ebay,woman within ,positive
ebay,woman within ,neutral
ebay,woman within ,negative
ebay,woman within p,woman within pants
ebay,woman within p,woman within pants
ebay,woman within p,woman within pants size 24
ebay,woman within p,woman within plaid
ebay,woman within p,woman within plaid button up shirt
ebay,woman within p,woman within polo shirt
ebay,woman within p,woman within pull on jeans
ebay,woman within pl,woman within plus size tops 4x
ebay,womens plus size,womens plus size dresses 18-20
ebay,womens plus size,womens plus size formal dresses 18w
ebay,womens plus size,womens plus size tops 1x 2x 3x
ebay,womens plus size,womensplussizebelts
ebay,womens plus size tops 1x,womens plus size tops 1x
ebay,womens walk,womens walking shoes 8.5
ebay,womens walk,womens walking shoes size 9
ebay,womens walk,womens walking shoes size 7
ebay,womens walk,womens wallets zip around
ebay,womens walk,womens walking shoes size 10
ebay,womens walki,womens walking shoes size 11
ebay,womens walki,womens walking shoes 7.5
ebay,womens walki,womens walking shoes size 9.5
ebay,womens walki,womens walking shoes size 6
ebay,united,united colors of benetton
ebay,united,united colors of benetton sweater
ebay,united,united airlines
ebay,united,united club pass
ebay,united,united states stamps
ebay,united,united cutlery lord of the rings
ebay,united,united nations stamps
ebay,united,united states coins
ebay,united,united parcel service
ebay,united,unitedtires
ebay,united,united spare parts source, corp.
ebay,unitedt,united tokyo
ebay,unitedt,united tokyo
ebay,unitedt,united tokyo
ebay,unitedt,united telephone
ebay,unitedt,united tires used tires
ebay,unitedt,united tires
ebay,unitedt,united therabody amenity kit
ebay,unitedt,united trading cards
ebay,unitedt,united transportation union
ebay,unitedt,united tires used tires used
ebay,unitedt,united technologies circuit board
ebay,unitedt,united train clock
ebay,unitedt,united traders
ebay,unitedtir,united tires used tires
ebay,unitedtir,united tires 205/55r16
ebay,work boots,work boots for men soft toe
ebay,work boots,work boots
ebay,work boots,work boots western
ebay,work boots we,work boots wedge
ebay,work boots we,work boots wedge
ebay,work boots we,wedge sole work boots
ebay,work boots we,western work boots men
ebay,work boots we,mens wedge sole work boots
ebay,work boots we,men's pre-owned western work boots
ebay,work boots we,wedge work boots for men
ebay,work boots we,western work boots
ebay,work boots we,men's pre-owned ariat western work boots
ebay,work boots we,wellington work boots mens
ebay,work boots we,mens western work boots size 9
ebay,work boots west,mens western work boots size 11
ebay,work boots west,mens western work boots size 8
ebay,work boots west,mens square toe western work boots
ebay,work boots west,mens western pull on work boots
ebay,work boots west,womens western work boots
ebay,womens jean,womens jean jacket
ebay,womens jean,women's jeans plus
ebay,womens jeans s,womens jeans size 4
ebay,womens jeans s,womens jeans size 14 petite
ebay,womens jeans s,womens jeans size 0
ebay,womens jeans size 12,womens jeans size 14 lot
ebay,womens jeans size 12,womens jeans size 12 petite
ebay,womens jeans size 12,womens jeans size 10 short
ebay,womens jeans size 12,womens jeans size 14 long
ebay,womens rol,womens roll neck sweater
ebay,womens rol,womens roll neck sweater
ebay,womens rol,womens rolex
ebay,womens rol,womens rolex datejust
ebay,womens rol,womens roller skates
ebay,womens rol,womens rolex datejust 26mm
ebay,womens rol,women's rolex watches used
ebay,womens rol,womens roller skates size 8
ebay,womens rol,womens rolex datejust 31mm
ebay,womens rol,womens roller skates size 7
ebay,womens role,womens rolex watch
ebay,womens role,womens rolex oyster perpetual datejust
ebay,womens role,womens rolex watch 34 mm
ebay,womens role,womens rolex watch 31 mm diamond bezel
ebay,womens role,women's rolex watches used with papers
ebay,womens rolex w,womens rolex watch with box and papers
ebay,womens rolex w,women's rolex with papers and original box
ebay,womens rolex w,womens rolex watches manual wind cellini
ebay,womens rolex w,womens rolex watches manual wind
ebay,womens rolex w,womens rolex watch with diamonds
ebay,womens rolex wat,womens rolex watch gold
ebay,delta unisaw,delta unisaw table saw
ebay,delta unisaw,delta unisaw parts
ebay,delta unisaw,delta unisaw fence
ebay,delta unisaw,delta unisaw motor
ebay,delta unisaw,delta unisaw fence parts
ebay,delta unisaw,delta unisaw throat plate
ebay,delta unisaw,delta unisaw mobile base
ebay,delta unisaw,delta unisaw splitter
ebay,delta unisaw,delta unisaw
ebay,delta unisaw ta,delta unisaw table
ebay,delta unisaw table saw,delta unisaw table saw 10
ebay,unified minds,unified minds booster box
ebay,unified minds,unified minds booster box
ebay,unified minds,unified minds booster pack
ebay,unified minds,unified minds elite trainer box
ebay,unified minds,unified minds 3 card pack
ebay,unified minds,unified minds 3 pack blister
ebay,unified minds,unified minds psa 10
ebay,unified minds,unified minds sleeved booster pack
ebay,unified minds,unified minds etb
ebay,unified minds,unified minds hanger box
ebay,unified minds,unified minds
ebay,unified minds bo,unified minds blister
ebay,unified minds bo,unified minds blister pack
ebay,unified minds bo,unified minds booster
ebay,unified minds bo,unified minds box
ebay,unified minds bo,unified minds booster box sealed
ebay,unified minds bo,unified minds booster box case
ebay,unified minds bo,unified minds booster bundle
ebay,unified minds bo,unified minds booster pack art set
ebay,unified minds boo,pokemon unified minds booster box
ebay,unified minds boo,pokemon unified minds booster pack
ebay,unified minds booster bo,sun and moon unified minds booster box
ebay,unified minds booster bo,unified minds 3 card booster pack
ebay,unified minds booster box,pokemon sun moon unified minds booster box
ebay,unified minds booster box,pokemon unified minds booster box sealed
ebay,workout tops,workout tops women medium
ebay,workout tops,workout tops women small
ebay,workout tops,workout tops for women xl
ebay,workout tops,workout top medium
ebay,workout tops,workout tops for women large
ebay,workout tops,workout top built in bra
ebay,workout tops,workout tops women xs
ebay,workout tops,workout top women xxl
ebay,workout tops,workout top
ebay,workout tops ,workout tops women 3/4 sleeve
ebay,workout tops ,workout tops
ebay,workout tops ,work out top size large
ebay,workout tops ,workout tank tops women
ebay,workout tops f,open back workout tops for women
ebay,workout tops f,long sleeve workout tops for women
ebay,workout tops f,short sleeve workout tops for women
ebay,workout tops f,womens nike workout dri fit tank tops
ebay,workout tops f,cropped workout tops for women
ebay,workout tops for ,vintage workout tank tops women
ebay,workout tops for ,workout tank tops women medium
ebay,workout tops for ,vintage workout tops women
ebay,workout tops for ,nike workout tops women
ebay,newborn baby c,newborn baby clothes
ebay,newborn baby c,newborn baby clothes lot
ebay,newborn baby c,newborn baby clothes boy
ebay,newborn baby c,newborn baby car seat
ebay,newborn baby c,newborn baby carrier
ebay,newborn baby c,newborn baby girl clothes
ebay,newborn baby c,carters baby girl newborn
ebay,newborn baby c,vintage newborn baby clothes
ebay,newborn baby c,newborn baby girl clothes lot
ebay,newborn baby clo,newborn baby boy clothes lot
ebay,newborn baby clo,vintage newborn baby boy clothes
ebay,newborn baby clo,carters newborn baby girl clothes
ebay,newborn baby clothes u,newborn baby clothes unisex
ebay,newborn baby clothes u,used vintage baby girl clothes newborn
ebay,newborn baby clothes u,newborn baby clothes used
ebay,newborn baby clothes u,newborn baby clothes used lot
ebay,womens walking shoes,womens walking shoes size 9
ebay,womens walking shoes 8,womens walking shoes 8.5
ebay,womens walking shoes 8,womens walking shoes 8.5 gray
ebay,womens walking shoes 8,brooks running walking shoes womens size 8
ebay,womens walking shoes 8,womens walking shoes size 8 wide
ebay,womens walking shoes 8,nortiv 8 womens walking shoes
ebay,womens walking shoes 8,nike womens walking shoes 8.5
ebay,womens walking shoes 8,hoka shoes walking womens 8.5
ebay,womens walking shoes 8,womens walking tennis shoes size 8.5
ebay,womens walking shoes 8,womens walking shoes size 8 new
ebay,worlds best cat litter ,worlds best cat litter 32 lbs
ebay,world cu,world cup vintage shirt
ebay,world cu,world cup jersey
ebay,world cu,world cup 1994
ebay,world cu,worldcurrencyamericas
ebay,world cu,world cup cards
ebay,world cup,world cup tickets 2026
ebay,world cup,world cup card shop
ebay,world cup le,world cup leather jacket
ebay,world cup le,world cup leather jacket
ebay,world cup le,world cup lego set
ebay,world cup le,world cup lot
ebay,world cup le,world cup lionel messi
ebay,world cup le,world cup lego set trophy
ebay,world cup le,world cup lanyard
ebay,world cup le,world cup limited
ebay,world cup le,world cup limited edition
ebay,world cup le,lego world cup trophy
ebay,world cup leg,lego fifa world cup
ebay,world cup leg,fifa world cup official trophy lego
ebay,world cup leg,fifa world cup 2026 lego
ebay,world cup leg,world cup 2026 lego
ebay,world cup leg,fifa world cup trophy lego
ebay,world cup leg,world cup prizm 2025 legendary talents
ebay,world cup lego,world cup lego set
ebay,world cup lego,2026 world cup lego set
ebay,work bench w,work bench with storage
ebay,work bench w,work bench with light
ebay,work bench w,work bench with wheels
ebay,work bench w,workbench with pegboard
ebay,work bench w,portable work bench
ebay,work bench w,work bench table heavy duty
ebay,work bench w,work bench tool box
ebay,work bench w,all ratingsselected
ebay,work bench w,positive
ebay,work bench w,neutral
ebay,work bench w,negative
ebay,work bench wi,rolling work bench with drawers
ebay,work bench wi,used work bench with drawers
ebay,work bench wi,work bench table with drawers
ebay,work bench wi,husky work bench with drawers
ebay,work bench with dr,work bench with drill
ebay,nike acg mountain fly b,nike acg mountain fly black ib7328-002 unisex
ebay,nike acg mountain fly b,nike acg mountain fly black
ebay,nike acg mountain fly b,nike acg mountain fly low brown basalt
ebay,nike acg mountain fly b,nike acg mountain fly 2 low white bright mandarin
ebay,nike acg mountain fly b,nike acg mountain fly 2 low light orewood brown
ebay,nike acg mountain fly b,nike acg mountain fly 2 low black
ebay,nike acg mountain fly b,nike acg mountain fly low black
ebay,nike acg mountain fly b,nike acg mountain fly 2 low bicoastal
ebay,united nati,united nations personalized sheet
ebay,united nati,united nations
ebay,united nati,united nations first day covers
ebay,united nati,united nations stamp collection
ebay,united nati,united nations helmet
ebay,united nati,united nations flag stamps
ebay,united nati,united nations militaria
ebay,united nati,united nations patch
ebay,united nati,united nations un stamps collections
ebay,united nations s,united nations shirt
ebay,united nations s,united nations shirt
ebay,united nations s,united nations stamps 1951
ebay,united nations s,united nations stamp album
ebay,united nations s,united nations stamps lot
ebay,united nations s,united nations silver medal
ebay,united nations s,united nations service medal
ebay,united nations s,united nations stamps full sheets
ebay,united nations s,united nations souvenir cards
ebay,united nations st,united nations stamps west new guinea
ebay,united nations st,united nations sterling
ebay,united nations stam,united nations birds stamp
ebay,united nations stamps,united nations stamps collection
ebay,united nations stamps,united nations postage stamps
ebay,united nations stamps,united nations space stamps
ebay,united therabod,united therabody amenity kit
ebay,united therabod,united therabody
ebay,united therabod,united airlines therabody amenity kit
ebay,united therabody a,united therabody air
ebay,world cu,world cup 2026
ebay,world cu,world cup 2026
ebay,world cu,worldcurrencyamericas
ebay,world cu,world cup cards
ebay,world cup ,world cup card shop
ebay,world cup b,world cup ball set
ebay,world cup b,world cup ball 2022
ebay,world cup b,world cup ball 2026
ebay,world cup b,world cup ball 2006
ebay,world cup b,world cup ball 2010
ebay,world cup b,world cup ballers
ebay,world cup b,world cup ball collection
ebay,world cup b,world cup beer glass
ebay,world cup b,world cup ball 2014
ebay,world cup ba,world cup ball 2018
ebay,work bench w,work bench mat
ebay,work bench w,work bench mat
ebay,work bench w,work bench mat
ebay,work bench w,work bench light
ebay,work bench w,work bench stool
ebay,work bench w,work bench legs
ebay,work bench w,work bench rubber mat
ebay,work bench w,work bench auto
ebay,work bench with st,work bench with storage
ebay,work bench with st,steel work bench
ebay,work bench with st,work bench tool storage
ebay,work bench with st,heavy duty steel work bench
ebay,work bench with st,steel work bench legs
ebay,work bench with st,stainless steel work bench
ebay,work bench with st,step 2 work bench
ebay,work bench with st,work bench power strip
ebay,work bench with st,steel work bench used
ebay,work bench with sto,work bench with stones
ebay,worldofwayne,worldofwayne collection
ebay,worldofwayne,all ratingsselected
ebay,worldofwayne,positive
ebay,worldofwayne,neutral
ebay,worldofwayne,negative
ebay,work b,work boots western
ebay,work b,work boots
ebay,work be,work bench vice
ebay,18 month baby ,18 month baby clothes lot girls
ebay,18 month baby ,18 month baby clothes lot girls
ebay,18 month baby ,18 month baby clothes lot girls
ebay,18 month baby ,18 month baby girl clothes
ebay,18 month baby ,baby girl dress 18 month
ebay,18 month baby ,dresses for baby girl 18-24 month
ebay,18 month baby ,18-24 month baby girl outfit
ebay,18 month baby ,baby girl 18 month spring dresses
ebay,18 month baby ,zara knit outerwear baby coat 12-18 month
ebay,18 month baby ,baby shoes boys 12-18 month
ebay,18 month baby ,vintage 18 month size baby girl clothes
ebay,18 month baby r,18 month baby romper unisex
ebay,18 month baby r,18 month baby ralph
ebay,18 month baby ro,18 month baby romper
ebay,18 month baby rom,18 month baby romper girl
ebay,18 month baby rom,18 month baby romper boy
ebay,18 month baby romper,18 month baby romper lot
ebay,unisex beret ,unisex beret cap for men
ebay,unisex beret c,unisex beret cap
ebay,womens broo,womens brooks size 9
ebay,womens broo,womens brooks size 7
ebay,womens broo,womens brooks 8.5
ebay,womens broo,womens brooks size 9.5
ebay,womens broo,womens brooks size 10
ebay,womens broo,womens brooks size 7.5
ebay,womens broo,womens brooks size 11
ebay,womens broo,womens brooks adrenaline gts
ebay,womens broo,womens brooks ghost size 8
ebay,womens brooks si,womens brooks size 8.5
ebay,womens brooks si,womens brooks size 6.5
ebay,womens brooks si,womens brooks size 6
ebay,womens brooks size,womens brooks size 11
ebay,womens brooks size 9,womens brooks size 9 wide
ebay,womens brooks size 9,womens brooks size 9 wide
ebay,womens brooks size 9,womens brooks size 9 new
ebay,womens brooks size 9,womens brooks size 9.5 new
ebay,womens brooks size 9,womens brooks size 9.5 wide
ebay,womens brooks size 9,womens brooks size 9 ghost
ebay,womens brooks size 9,womens brooks size 9.5 black
ebay,womens brooks size 9,womens brooks size 9.5 nwt
ebay,womens brooks size 9,womens brooks size 9 or 9.5
ebay,work sharp ,work sharp knife sharpener
ebay,work sharp ,work sharp knife sharpener
ebay,work sharp ,work sharp professional precision adjust
ebay,work sharp ,work sharp rmx
ebay,work sharp ,work sharp mk2
ebay,work sharp ,work sharp precision adjust elite
ebay,work sharp ,work sharp guided field sharpener
ebay,work sharp ke,work sharp knife
ebay,work sharp ke,work sharp ken onion mk2
ebay,work sharp ke,work sharp knife sharpener ken onion
ebay,work sharp ke,work sharp ken onion elite mk 2
ebay,work sharp ke,work sharp knife sharpener mk.2
ebay,work sharp ke,work sharp knife sharpener belts
ebay,work sharp ke,work sharp knife sharpener elite
ebay,work sharp ke,work sharp ken onion belts
ebay,work sharp ken,work sharp ken onion
ebay,work sharp ken,work sharp ken onion edition
ebay,work sharp ken,work sharp ken onion knife sharpener
ebay,work sharp ken,work sharp ken onion elite
ebay,work sharp ken,work sharp ken onion edition mk2
ebay,work sharp ken,work sharp ken onion knife sharpener tool
ebay,work sharp ken,work sharp ken onion blade grinder
ebay,womens golf app,womens golf apparel
ebay,womens golf app,womens golf apparel size large
ebay,womens golf app,womens golf apparel small
ebay,womens golf app,womens golf apparel size small
ebay,womens golf app,womens golf apparel size 4
ebay,womens golf app,womens rlx golf apparel small
ebay,womens golf app,womens jamie xl golf apparel
ebay,womens golf app,womens winter golf apparel size small
ebay,womens golf app,womens lady hagen golf apparel size small
ebay,womens watches,womens watches vintage
ebay,womens watches mi,womens watches michael kors
ebay,womens watches mi,michael kors womens watches new
ebay,womens watches mi,michele womens diamond square face watches new
ebay,womens watches mi,michael kors womens 40mm ceramic bracelet watches
ebay,womens watches mi,michele womens diamond watches
ebay,womens watches mi,michael kors womens watches on sale
ebay,womens watches micha,womens watches michael
ebay,womens jean,women's jeans plus
ebay,womens jeans,womens jean jacket
ebay,womens jeans size 10,womens jeans size 10 short
ebay,womens jeans size 10,womens jeans size 10 lot
ebay,womens jeans size 10,womens jeans size 10 petite
ebay,womens jeans size 10,womens jeans size 10 long
ebay,womens jeans size 10,womens jeans size 10 tall
ebay,womens jeans size 10,womens jeans size 10 high rise
ebay,womens jeans size 10,women's jeans size 10 tall long
ebay,womens jeans size 10,womens embroidered jeans size 10
ebay,womens jeans size 10,womens american eagle jeans size 10
ebay,womens p,womens plus size tops 1x 2x 3x
ebay,womens p,womensport collectibles
ebay,womens pan,women's paradise
ebay,womens pantie,women's panties for men
ebay,womens pantie,womens panties size 7
ebay,womens pantie,womens panties large
ebay,womens pantie,womens panties pack
ebay,womens pantie,womens panties size 8
ebay,womens pantie,womens panties lot medium
ebay,womens pantie,womens panties lot large
ebay,womens pantie,womens panties size 10
ebay,woman with,woman within jeans
ebay,woman with,woman within plus size clothing
ebay,woman within pla,woman within plus size tops 4x
ebay,woman within plai,woman within plaid
ebay,work boo,work boots
ebay,work boo,work boots
ebay,work boo,work boots western
ebay,work boo,work boots
ebay,work boots 10,work boots 10.5
ebay,work boots 10,work boots 10.5
ebay,work boots 10,work boots 10 used
ebay,work boots 10,work boots 10.5 wide
ebay,work boots 10,work boots 10.5 used
ebay,work boots 10,work boots 10.5 mens
ebay,work boots 10,work boots 10.5 ee
ebay,work boots 10,work boots 10.5 new
ebay,work boots 10,work boots 10.5 steel toe
ebay,work boots 10,work boots 10.5 wide used
ebay,unisom ,unisom pm
ebay,unisom ,unisom
ebay,uniqlo seamless ,uniqlo seamless down parka
ebay,uniqlo seamless ,uniqlo seamless down parka
ebay,uniqlo seamless ,uniqlo seamless down
ebay,uniqlo seamless ,uniqlo seamless down coat men
ebay,uniqlo seamless down j,uniqlo seamless down jacket
ebay,uniqlo seamless down j,uniqlo seamless down jacket
ebay,uniqlo seamless down jacket me,uniqlo seamless down jacket men
ebay,world cup li,world cup lionel messi
ebay,world cup li,adrenalyn world cup 2026 limited
ebay,world cup li,2014 panini prizm world cup lionel messi psa 10
ebay,world cup li,2006 panini world cup germany lionel messi
ebay,world cup li,world cup 2026 limited edition
ebay,world cup li,2022 panini prizm world cup lionel messi
ebay,world cup li,world cup 2026 limited
ebay,world cup li,lionel messi prizm world cup
ebay,world cup li,all ratingsselected
ebay,world cup li,positive
ebay,world cup li,neutral
ebay,world cup li,negative
ebay,world cup lion,lionel messi panini world cup sticker argentina
ebay,world cup lion,2022 prizm world cup lionel messi psa 10
ebay,world cup lion,2022 prizm world cup qatar lionel messi
ebay,world cup lion,2014 panini prizm world cup - lionel messi 12
ebay,world cup lion,lionel messi prizm world cup 2014
ebay,michael jackson ,michael jackson t shirt
ebay,michael jackson ,michael jackson t shirt
ebay,michael jackson ,michael jackson t shirt
ebay,michael jackson ,michael jackson shirt
ebay,michael jackson ,michael jackson jacket
ebay,michael jackson ,michael jackson vinyl
ebay,michael jackson ,michael jackson signed
ebay,michael jackson ,michael jackson the experience wii
ebay,michael jackson ,michael jackson doll
ebay,michael jackson ,michael jackson thriller vinyl
ebay,michael jackson ,michael jackson cd
ebay,michael jackson ,michael jackson
ebay,michael jackson un,michael jackson ultimate collection
ebay,michael jackson un,michael jackson ultimate collection cd
ebay,michael jackson un,michael jackson ultimate collection dvd
ebay,michael jackson un,michael jackson unreleased
ebay,michael jackson un,michael jackson usb
ebay,michael jackson un,supreme michael jackson zip up
ebay,michael jackson un,michael jackson zip up hoodie
ebay,michael jackson un,michael jackson dress up set
ebay,michael jackson un,michael jackson they don't care about us
ebay,michael jackson unisex t-,michael jackson unisex t
ebay,work sha,work sharp knife sharpener
ebay,work sha,work sharp knife sharpener
ebay,work sharp mk,work sharp mk2
ebay,work sharp mk,work sharp mk2
ebay,work sharp mk,work sharp mk2 belts
ebay,work sharp mk,work sharp knife tool sharpener mk.2
ebay,work sharp mk,work sharp knife sharpener ken onion mk2
ebay,versace sungl,versace sunglasses men
ebay,versace sungl,versace sunglasses men
ebay,versace sungl,versace sunglasses men
ebay,versace sungl,versace sunglasses men new
ebay,versace sungl,versace sunglasses men used
ebay,versace sungl,versace sunglasses men gold
ebay,versace sungl,versace sunglasses men polarized
ebay,versace sungl,versace sunglasses men authentic
ebay,versace sungl,versace sunglasses men vintage
ebay,versace sungl,versace sunglasses clear lens men
ebay,versace sungl,versace sunglasses for men brand new
ebay,versace sungl,versace sunglasses 4044b
ebay,versace sungla,versace sunglasses women
ebay,versace sungla,versace sunglasses
ebay,versace sunglasses ,versace sunglasses women new
ebay,unified minds ,unified minds booster box
ebay,unified minds ,unified minds booster box
ebay,unified minds bl,unified minds blister
ebay,unified minds bl,unified minds checklane blister
ebay,unified minds bl,unified minds pikachu blister
ebay,unified minds bl,unified minds umbreon blister
ebay,unified minds bl,pokemon unified minds blister pack
ebay,unified minds bl,pokemon unified minds 3 pack blister
ebay,unified minds bl,pokemon unified minds single pack blister pikachu
ebay,unified minds bl,pokemon unified minds 3 pack blister vikavolt
ebay,vintage 18 month size baby,vintage 18 month size baby
ebay,vintage 18 month size baby gi,vintage 18 month size baby girl
ebay,womens wallet,womens wallets small
ebay,womens wallet,womens wallets leather small
ebay,womens wallet,womens wallet coach
ebay,womens wallet,womens wallets leather fossil
ebay,womens wallet,womens wallet on chain
ebay,womens wallet,womens wallets leather vintage brown
ebay,womens wallets ,womens wallets zip around bifold wallet
ebay,womens wallets ,womens wallets leather coach
ebay,womens wallets z,womens leather wallets zip around
ebay,womens wallets z,coach corner zip wallets for womens
ebay,womens wallets z,womens wallets long zippered
ebay,womens wallets z,coach womens long zip around wallets
ebay,womens wallets zip a,womens wallets zip around wallet
ebay,womens wallets zip a,womens wallets zip around wristlet
ebay,womens jeans ,women's jeans plus
ebay,womens jeans size 14 ,womens jeans size 14 reg
ebay,womens jeans size 14 ,womens jeans size 14 reg
ebay,womens jeans size 14 ,womens jeans size 14 short
ebay,womens jeans size 14 ,womens jeans size 14 tall
ebay,womens jeans size 14 ,womens jeans size 14 long tall
ebay,womens jeans size 14 ,womens jeans size 14w
ebay,womens jeans size 14 ,womens jeans size 14 gloria vanderbilt amanda
ebay,womens jeans size 14 lo,womens american eagle jeans size 14 long
ebay,womens jeans size 14 lo,womens jeans size 14 low
ebay,womens jeans size 14 long,womens jeans size 14 long
ebay,womens birkens,womens birkenstocks size 39
ebay,womens birkens,womens birkenstocks size 39
ebay,womens birkens,womens birkenstock size 40
ebay,womens birkens,womens birkenstocks size 38
ebay,womens birkens,womens birkenstock
ebay,womens birkens,womens birkenstocks size 37
ebay,womens birkens,womens birkenstocks size 8
ebay,womens birkens,womens birkenstock size 41
ebay,womens birkens,womens birkenstock sandals
ebay,womens birkens,womens birkenstock size 7
ebay,womens birkens,womens birkenstock size 9
ebay,womens birkenstocks,womens birkenstocks size 39 new
ebay,womens birkenstocks s,womens birkenstocks size 7
ebay,womens birkenstocks s,womens birkenstocks size 40
ebay,womens birkenstocks s,womens birkenstocks size 9
ebay,womens birkenstocks s,womens birkenstocks size 37 new
ebay,womens birkenstocks s,womens birkenstocks size 36
ebay,womens birkenstocks size 3,womens birkenstocks size 38 new
ebay,womens birkenstocks size 3,womens birkenstocks size 38 clogs
ebay,womens birkenstocks size 3,womens birkenstocks size 37 big buckle
ebay,womens birkenstocks size 3,womens birkenstocks size 39 clogs
ebay,womens birkenstocks size 39,womens birkenstocks size 39 big buckle
ebay,womens birkenstocks size 39,womens birkenstocks size 39 boston
ebay,womens birkenstocks size 39,womens birkenstocks size 39 madrid
ebay,womens birkenstocks size 39,womens birkenstocks size 39 narrow
ebay,womens birkenstocks size 39,womens birkenstocks size 39 arizona
ebay,womens birkenstocks size 39,womens birkenstocks size 39 gizeh
ebay,womens birkenstocks size 39,wine birkenstocks womens size 39
ebay,unisex fragrances te,unisex fragrances tester
ebay,unisex fragrances testers 3.4,unisex fragrances testers 3.4 oz
ebay,vintage newborn,vintage newborn baby clothes
ebay,vintage newborn,vintage newborn baby clothes
ebay,vintage newborn,vintage newborn girl clothes
ebay,vintage newborn,vintage newborn boy outfit
ebay,vintage newborn,vintage newborn dress
ebay,vintage newborn,vintage newborn clothes
ebay,vintage newborn,vintage newborn baby girl dresses
ebay,vintage newborn,vintage newborn boy clothes
ebay,vintage newborn,vintage newborn baby girl clothes
ebay,vintage newborn,vintage newborn
ebay,vintage newborn ba,vintage newborn baby dress
ebay,vintage newborn ba,vintage newborn baby shoes
ebay,vintage newborn ba,vintage newborn boy
ebay,vintage newborn ba,vintage newborn baby doll
ebay,vintage newborn bab,vintage berenguer la newborn moments baby doll
ebay,vintage newborn bab,vintage newborn 0-3 baby girl clothes
ebay,vintage newborn baby cl,vintage newborn baby costume
ebay,vintage newborn baby cl,vintage newborn baby crochet
ebay,vintage newborn baby cl,vintage newborn baby car
ebay,vintage newborn baby clo,vintage newborn baby clothes girl
ebay,vintage newborn baby clo,vintage newborn baby clothes boy
ebay,nike sunglas,nike sunglasses
ebay,nike sunglas,nike sunglasses
ebay,nike sunglas,nike sunglasses
ebay,nike sunglas,nike sunglasses men
ebay,nike sunglas,nike sunglasses men polarized
ebay,nike sunglas,nike sunglasses vintage
ebay,nike sunglas,nike sunglasses men polarized sport
ebay,nike sunglas,nike sunglasses polarized
ebay,nike sunglas,nike sunglasses black
ebay,nike sunglas,nike sunglasses orange
ebay,nike sunglas,nike sunglasses men 5129435
ebay,nike sunglasses un,nike sunglasses unisex
ebay,nike sunglasses un,nike interchange sunglasses unisex case orange
ebay,nike sunglasses un,nike sunglasses under
ebay,unixsurp,unix surplus
ebay,unixsurp,unix surplus
ebay,unixsurp,unixsurpluscom
ebay,unixsurp,unixsurplusnet
ebay,delta unisaw ,delta unisaw table saw
ebay,delta unisaw m,delta unisaw motor
ebay,delta unisaw m,delta unisaw motor
ebay,delta unisaw m,delta unisaw 3 hp motor
ebay,delta unisaw m,delta unisaw manual
ebay,delta unisaw mobi,delta unisaw mobile base
ebay,world cu,worldcurrencyamericas
ebay,world cu,world cup cards
ebay,world cup,world cup card shop
ebay,world cup 1,world cup 1994 shirt
ebay,world cup 1,world cup 1994 shirt
ebay,world cup 1,world cup 1994 shirt
ebay,world cup 1,world cup 1994 hat snapback cap
ebay,world cup 1,world cup 1994 hat
ebay,world cup 1,world cup 1962
ebay,world cup 1,world cup 1982
ebay,world cup 1,world cup 1998
ebay,world cup 1,world cup 1994 jacket
ebay,world cup 1,world cup 1990
ebay,world cup 1,world cup 1970
ebay,world cup 1994,world cup 1994 upper deck
ebay,world cup 1994,world cup 1994 vintage
ebay,world cup 1994,world cup 1994 jersey
ebay,world cup 1994,world cup 1994 panini
ebay,world cup 1994,world cup 1994 pin set
ebay,10 delta un,10 delta unisaw table saw
ebay,womens plus siz,womens plus size tops 1x 2x 3x
ebay,womens plus siz,womensplussizebelts
ebay,womens plus size tan,womens plus size tank tops 5x
ebay,womens plus size tan,womens plus size tankini top
ebay,womens plus size tan,womens plus size tank tops
ebay,womens plus size tan,women's plus size tankini
ebay,womens plus size tan,womens plus size talbots cardigan
ebay,womens plus size tan,womens plus size tank tops 4x
ebay,womens plus size tan,womens plus size tall jeans
ebay,womens plus size tan,womens plus size tankini swimsuit
ebay,womens plus size tank,women's plus size tankini size 22w
ebay,womens plus size tank,womens new plus size white tankini top
ebay,womens plus size tank to,womens tank top aqua plus size
ebay,womens plus size tank to,plus size womens summer tank tops
ebay,womens plus size tank tops 3x,womens plus size tank tops 3xl
ebay,womens plus size tank tops 3x,womens plus size tank tops 3x used
ebay,womens plus size tank tops 3x,womens plus size tank tops 3x preowned
ebay,womens plus size tank tops 3x,womens plus size tank tops 3x tunic
ebay,workbench wi,garage workbench with storage
ebay,workbench wi,craftsman workbench with drawers
ebay,workbench wi,garage workbench with drawers
ebay,workbench wi,workbench magnifying glass with light
ebay,workbench with,santa's workbench christmas village
ebay,workbench with,jewelry tools workbenches
ebay,workbench with,husky workbench adjustable
ebay,workbench with,mobile workbench tool chest
ebay,workbench with p,workbench with pegboard
ebay,workbench with p,portable workbench
ebay,workbench with p,powertec workbench
ebay,workbench with p,workbench plans
