ProductId,Site,SearchTerm,Title,PriceText,PriceValue,Url,ShippingText,ConditionText,Subtitle,LocationText,SoldText,ImageUrl,IsAuction,IsPromotion,ResultsPage,PositionOnPage,CapturedAtUtc
"376923264397","ebay","nike shoes","SPL EpDо nHsD DN EoredG Q","$60.00",60.00,"https://www.ebay.com/itm/376923264397?_skw=nike+shoes&itmmeta=01KQK1R17R8EDXJXJKR7TCQ4KW&hash=item57c260958d:g:S18AAeSwdDtpf~GO&itmprp=enc%3AAQALAAAAwGfYFPkwiKCW4ZNSs2u11xBYMfMRerluykwjpqgywP5SUOh2EKtX5hpOuKOMpGpN6u9yHLCIilmJf%2FdRGxelc6%2BG12mmXfaA6bRcQUwevvbnsILHMhsg0Sw0dC41QWWwTZljTVRsDhCt9ImncJ9fdw3lNbzkgN7FECK0WJXfTSRYz%2FtjCPk%2F0g6xY8cpomPSFSspkguN1iPm4cMsHAoK1Ez3s5Mxu1qCNCs1ePkrvZjELFPXjWox4MXdT648ft5RIw%3D%3D%7Ctkp%3ABlBMUJSU4OG8Zw","","","Pre-Owned · US M 6 · Nike","","","https://i.ebayimg.com/images/g/S18AAeSwdDtpf~GO/s-l500.webp",false,false,1,1,2026-05-02T00:35:04.3069931+00:00
"168346689038","ebay","nike shoes","Sp8Z S5 FJons PMored BI","$149.99",149.99,"https://www.ebay.com/itm/168346689038?_skw=nike+shoes&itmmeta=01KQK1R17RS2K36A882DGPQMK5&hash=item27323e9e0e:g:AlYAAeSwgE5p9TIe&itmprp=enc%3AAQALAAAA8GfYFPkwiKCW4ZNSs2u11xDHzD2Yk5OQH5Q%2FQDAWZjFc5M2ho4fkrAzKFJgP7yqHFc54ZewqLvGiuSNjE6o7oYTAoq6CRkt24ZyRWRzMBokuq%2ByK5989oHrUI7hZLWkAAqGfpaWUjsNZFO4RnqwTmaXvvkQZa00RR9jNgSbH62qtbVAp9QMzCzndoP65EPKuUhAJHu%2FfP4LGb2nPFC3YfCq8S7d3sDYN3KPA9aKE7NNRZpwR5X0iADI0RIXtEsRKe%2FXcraPDwcOcqaf6M7udWxs1WlrZVu8IiS7adSGh8VCpfVseQ9ZDcc99vmNVSe4Lfg%3D%3D%7Ctkp%3ABk9SR5SU4OG8Zw","","","New (Other) · US M 10.5 · Nike · Air Jordan","","","https://i.ebayimg.com/images/g/AlYAAeSwgE5p9TIe/s-l500.webp",false,false,1,2,2026-05-02T00:35:04.3070546+00:00
"298277176572","ebay","nike shoes","JSD 8pon3 sZ3ore dO6 TI","$60.00",60.00,"https://www.ebay.com/itm/298277176572?_skw=nike+shoes&epid=25064415893&itmmeta=01KQK1R17R4B2NSPXWQTP6GG5R&hash=item4572b484fc:g:iDIAAeSw7LFp870-&itmprp=enc%3AAQALAAAA0GfYFPkwiKCW4ZNSs2u11xAm3xjAc649PVWFLJywYq1Is7hSFFMG4oaT2pjRosRkAzJ044lyE0gLCqdSLaiI7a8t6%2BgHE5AoWL3lzC0aFUK%2FEVupHp32PB%2Br3pBMv%2FhpHxh1SYxl4WlQSCNDNJjdXPauGBd2o9Rd%2BeMZPs0CtEGJ5MHbua7gljLH9zfcvtVsgExM37EzTO0VSlaPtVtHzvr7R3E--k4sxd9bUSDHFuQ4TWjz%2BQpZVZ8QmQrQeIRltY4EL5K44F%2FAabeAk4aCROk%3D%7Ctkp%3ABk9SR5SU4OG8Zw","","","Brand New · US M 11 · Nike · Nike Air Force","","","https://i.ebayimg.com/images/g/iDIAAeSw7LFp870-/s-l500.webp",false,false,1,3,2026-05-02T00:35:04.3070626+00:00
"306912622905","ebay","nike shoes","SPOp onBsC oY2 LYred G2","$150.00",150.00,"https://www.ebay.com/itm/306912622905?_skw=nike+shoes&epid=20058589453&itmmeta=01KQK1R17RZ86MYH4Z30ZJSVXB&hash=item47756af939:g:6aAAAeSwnSNp9PAx&itmprp=enc%3AAQALAAAA0GfYFPkwiKCW4ZNSs2u11xCWB6u8%2Fhbi%2FL7MK8jkFLI9uOw8rHPM613%2BZhncYk3l%2FvRH33xlMvOdC%2BhkX7y%2BiJiEsGhzdNTaHQ2yE5XQEdx8201Ni1drdx3tZyqx7Zk2dcOKsvGZ1t%2FYyd0fMkQx3PG3Wt3lQ5lr083A2pvyUluPn%2B0KkHMq4PXGnx76M9WkqNFR0S1r2MCLbJTogCZ9zan3eFmWbX0TDBhivVeAv5t8SajoKWen6kbuAXHmL2otRCv29UIGJ9ZDQITzK77BbDI%3D%7Ctkp%3ABk9SR5SU4OG8Zw","","","Brand New · US M 10.5 · Nike · Nike Air Force","","","https://i.ebayimg.com/images/g/6aAAAeSwnSNp9PAx/s-l500.webp",false,false,1,4,2026-05-02T00:35:04.3070717+00:00
"298279938415","ebay","nike shoes","SpoR5ns o5Mr eZ9 dLL 9D B","$250.00",250.00,"https://www.ebay.com/itm/298279938415?_skw=nike+shoes&epid=12062373877&itmmeta=01KQK1R17RVN7525B1430EJQRF&hash=item4572dea96f:g:fIIAAeSw5Jpp8BHk&itmprp=enc%3AAQALAAAA8GfYFPkwiKCW4ZNSs2u11xB2f6DyQR0uDclaXvCVgK7AzMyuAlIZ0Zb0OWRkTMK4R2fsYup9yKLOEa4dG6D4ARgEmViQUxY8MBrDynfWUTE2NUJNLGv0jngH9xTMdmGnnPpHndIBC5UUuXewq4kzybVMhObbxV8ds%2BFkW30DXb96VZOQBDj5lvcMgG8xmK3zHfSzsr2PYGD%2BjVBjl%2F8Pea3jdCaliTDIteznRzFF5GYK1tRjtT8nQ%2FriqpclJLnUzfNWr0KibvMdMZYpzKdALTHqilrzkaSmU5e6%2BAGGn1j9s%2BsNZ6vP5o0iZ2DXPsjREg%3D%3D%7Ctkp%3ABk9SR5SU4OG8Zw","","","Pre-Owned · US M 10 · Nike · Nike Dunk","","","https://i.ebayimg.com/images/g/fIIAAeSw5Jpp8BHk/s-l500.webp",false,false,1,5,2026-05-02T00:35:04.3070773+00:00
"236791874059","ebay","nike shoes","SHpo9 nsorNeId DC 7G 4H","$49.90",49.90,"https://www.ebay.com/itm/236791874059?_skw=nike+shoes&epid=18039829140&itmmeta=01KQK1R17RS2R7ESM2PQ66T25Y&hash=item3721e5420b:g:aXcAAeSwRxtp9Qtk&itmprp=enc%3AAQALAAAAwGfYFPkwiKCW4ZNSs2u11xBfD0kj%2BL7stMogOCrDkUqzK96nkav%2B5P5AU7bCm380pHSJKn1iKBJ43UaOKOYWj5miI7Ah1HjGCs3YB2XmyWRlGpVpMgW6j6oveHNSC3U0tk9CWTaAnQTfX8mD6K68j7AyTicEkF%2BlIzFi2nM6b2Q4T6m8StfXFtWzaFodgr%2FGYG9CrGqmqW4LbAQXr6Jao0Omz%2B0P7fvvBkmcAjyYVxVYzvuoBrsAeNjjO8YCf03nEA%3D%3D%7Ctkp%3ABk9SR5SU4OG8Zw","","","Pre-Owned · US M 10 · Nike · Nike Vapor","","","https://i.ebayimg.com/images/g/aXcAAeSwRxtp9Qtk/s-l500.webp",false,false,1,6,2026-05-02T00:35:04.3070827+00:00
"236791894574","ebay","nike shoes","5P SWA pHonXs oQUr 8X Ted","$75.00",75.00,"https://www.ebay.com/itm/236791894574?_skw=nike+shoes&epid=21053029897&itmmeta=01KQK1R17R29A13T648NJ9M4FF&hash=item3721e5922e:g:vvIAAeSwQ~9on9bv&itmprp=enc%3AAQALAAAAwGfYFPkwiKCW4ZNSs2u11xAP1%2FGS7RJy8zMZ%2Fsj6IvyRQk75yT3WqTRyzlN4orcnT25YzJ6ORw2YWU6S5rdvPlYk1lSAgvSZO%2FMkTxgMbl7CljUI2%2Bs435l785JV6W3zikezxMxiMmgfpjcuf%2B2P59GgcZye60RcG%2FbnR4JRpqSc6f2MA2oJ090Gf6yMaOtMIQAHsSgG7VyYagGZhHdvuNsyuqUARBSF03hnhj27DMiB7W0ZRFvxuo8xEprB8yrNpQ%3D%3D%7Ctkp%3ABk9SR5SU4OG8Zw","","","Pre-Owned · US M 10 · Nike · Nike LeBron","","","https://i.ebayimg.com/images/g/vvIAAeSwQ~9on9bv/s-l500.webp",false,false,1,7,2026-05-02T00:35:04.3070879+00:00
"389962901868","ebay","nike shoes","U9 EQ SLR 1ponS soredIE","$50.00",50.00,"https://www.ebay.com/itm/389962901868?_skw=nike+shoes&itmmeta=01KQK1R17R9PKSYT20PCMGBF3Y&hash=item5acb99a96c:g:QYoAAeSwUbhp9T2o&itmprp=enc%3AAQALAAAA0GfYFPkwiKCW4ZNSs2u11xB4bygg8vWSK5Lya9Y%2B5PUTyt66m46bLHtDQ6%2BLNCIrKskdm9HfCTHnInbrggb6E0dEVu9tFgisiKk7nHrz2rUo39WJI6Txvpm6F4erjp4jvx48llHqrGzuNkj1Cl3wj1%2FxCqct1RMxpPne8iSZnMIThSVpYzMdqcFGT3FzPxQYAhS0qjbtSryKeqrRLhipMjXjIs1oSPBZ55mXo3dq--dTdg7ATZlNOVT1u62fRHAUiHmwKJJA6TI%2BH0fyKzya2nc%3D%7Ctkp%3ABk9SR5aU4OG8Zw","","","Pre-Owned · US M 8.5 · Nike","","","https://i.ebayimg.com/images/g/QYoAAeSwUbhp9T2o/s-l500.webp",false,false,1,8,2026-05-02T00:35:04.3070928+00:00
"306912788320","ebay","nike shoes","SHT poVn0s A4 oCreMd 53","$375.00",375.00,"https://www.ebay.com/itm/306912788320?_skw=nike+shoes&epid=14072466756&itmmeta=01KQK1R17RNGPBEPZ1VSC5PW0P&hash=item47756d7f60:g:ylEAAeSw7pFp9Q6T&itmprp=enc%3AAQALAAAA0GfYFPkwiKCW4ZNSs2u11xCQObXdGgVKWsQIoryp5dWNAgaWmCXmMOC7HV0EHicCOCb%2B6%2BYzkUKjiFG3uEjtGMUUMkyxlddwuVW2HfDqE9mUm0Jc3bWNL%2F6GTwO28K6cf9uqHl6BwW0bomtckwH4HeUKAJ0sh7gh5p8%2FC2ctXtt1DTyZGhTqla2%2FmehC5z3a43PnrnmGt3tKmKJMeqQws9zx6HYijYLyv0esJ6f%2FNE%2FI5s%2BaYgsd4VgO06Xxhx5mb2%2BrEF8K1UuBZ4bs21tmMmo%3D%7Ctkp%3ABk9SR5aU4OG8Zw","","","Brand New · US M 8 · Nike · Nike Air Max","","","https://i.ebayimg.com/images/g/ylEAAeSw7pFp9Q6T/s-l500.webp",false,false,1,9,2026-05-02T00:35:04.3070983+00:00
"306912823431","ebay","nike shoes","ZVSpon 5Oso 0rTe MJ dLV D","$250.00",250.00,"https://www.ebay.com/itm/306912823431?_skw=nike+shoes&epid=8070295807&itmmeta=01KQK1R17R82HB7ABF9RJ0QGTD&hash=item47756e0887:g:nfMAAeSw171p9RXp&itmprp=enc%3AAQALAAAA0GfYFPkwiKCW4ZNSs2u11xARmoxHlNt5ZVSLt1N2wbtdzV%2BjGWBpI3ibW4Qwie8h2jXCpswfVwi5UIYn5TR41Vbx%2F9HFQsLAaPFXx%2FlYIdahBJMp7Lew%2BiTwZ%2FHq41HXTwFoF4BNxIwIddwFNlxRxP%2BWVJI9ID6ToPNT8uSNuTEaMcmtdxna097hm7PqFvgOcc%2F5W4B3SDs9NekHU6rG38r7O1Lc9x5XEt0SBd7jg6SffLgzeOXykJX8MYjGg5RL7k7Y8NcPp0y8oxhEkpkT4WQ%3D%7Ctkp%3ABk9SR5aU4OG8Zw","","","Brand New · US M 9 · Nike · Nike Dunk","","","https://i.ebayimg.com/images/g/nfMAAeSw171p9RXp/s-l500.webp",false,false,1,10,2026-05-02T00:35:04.3071034+00:00
"306912748330","ebay","nike shoes","0SS NponsA ToredZ JS","$175.00",175.00,"https://www.ebay.com/itm/306912748330?_skw=nike+shoes&epid=27070300444&itmmeta=01KQK1R17RXWPTXMQ9S4P9CR2Y&hash=item47756ce32a:g:BVIAAeSwJSpp9QaU&itmprp=enc%3AAQALAAAA0GfYFPkwiKCW4ZNSs2u11xARoXGJaC5sWv%2BGrf9dEksOmABTJwpynWbEr6KbI5wp41%2FdP6TF%2BHSJTrzbe%2BX5fTfN40%2F7fKiWHWEcz5xeLEFxxPD0n6PXPK0Z2qMcGkwqDXNnpCxucZb2bIAcWHjUA1qDJQq55%2FGaPdxuMDbGasZG%2FdPsHs%2BO6nvVDnetYkh21%2F68iDfKzPHS7dnxP1BS2iIkxtQETAr78CHDCtNDc64pvI5FZIe8EYv7fzJyk4p9M%2BrRFgoUSFsBgu8xvQk%2FzqA%3D%7Ctkp%3ABk9SR5aU4OG8Zw","","","Brand New · US M 9 · Nike · Nike Dunk","","","https://i.ebayimg.com/images/g/BVIAAeSwJSpp9QaU/s-l500.webp",false,false,1,11,2026-05-02T00:35:04.3071110+00:00
"236791875796","ebay","nike shoes","Sp6A onRso0 re6d4 IO","$81.99",81.99,"https://www.ebay.com/itm/236791875796?_skw=nike+shoes&epid=3055303393&itmmeta=01KQK1R17RVBHXB3PMQEYN5165&hash=item3721e548d4:g:EwcAAeSwo41p9Qvn&itmprp=enc%3AAQALAAAA0GfYFPkwiKCW4ZNSs2u11xBD3V%2FX7tNhbYxLeJmb2h0I%2Bv7ZaVxMawGqVR0MjBiUdgaohFj7aKT1SZ4Gooom2gdfd8c5gK2fSVgGOkMNW9rjoBPmLOQ0iNmHlj25ffJdITXiMw7mfLOJUwLmmu4DLvwWP3XYvDh7fW9pr9S9nQRz8p2qjwjQEx5P6AZi3YKO6H%2BUKNdGazbTQxnyF%2B8aP73B5w40PV%2F%2BlCm5f0AoTY5yM8KFe5YvpT1e1wAZDojg2RmPnhZYer8FN%2BGAkDD9Vhw%3D%7Ctkp%3ABk9SR5aU4OG8Zw","","","Pre-Owned · US M 10 · Nike · Nike Vapor","","","https://i.ebayimg.com/images/g/EwcAAeSwo41p9Qvn/s-l500.webp",false,false,1,12,2026-05-02T00:35:04.3071160+00:00
"306912779152","ebay","nike shoes","SYpN RL onsEL orVedD 8O B","$250.00",250.00,"https://www.ebay.com/itm/306912779152?_skw=nike+shoes&epid=17072549516&itmmeta=01KQK1R17RZXTDFJFYYDHDM09Y&hash=item47756d5b90:g:7H0AAeSwWxpp9Qq0&itmprp=enc%3AAQALAAAA0GfYFPkwiKCW4ZNSs2u11xCjroft3BV8wmO7Rlf%2B2YjedzJfgG6KbKp2qFIJFmtU%2FvfscOuCfPQ%2F3XOPxIMv%2FSk4lMGWWlkpDhMhvxI5d0YWc154ICA2EinqFnCwPmfVeXjlgNRaMARbfoeI1SdIzdvwJz3h8MkYp3iM9TaFcK2qx7BXtv5i3yd%2Fmiiaw88wq8Oy7YyETdp01nEQWTkZyohKyhmTgeKi8nHz8Z20EaeUpYEuxSTyqGVLqF63sqllBox4H%2BSZ5TMghA2JW%2B1BSnY%3D%7Ctkp%3ABk9SR5aU4OG8Zw","","","Brand New · US M 9.5 · Nike · Nike Air Max","","","https://i.ebayimg.com/images/g/7H0AAeSwWxpp9Qq0/s-l500.webp",false,false,1,13,2026-05-02T00:35:04.3071218+00:00
"298277351697","ebay","nike shoes","SOpX оZnYso rGP edXE","$125.00",125.00,"https://www.ebay.com/itm/298277351697?_skw=nike+shoes&epid=19060160438&itmmeta=01KQK1R17RTHJE8DZ970FR6KAT&hash=item4572b73111:g:4CwAAeSw0t5p89ek&itmprp=enc%3AAQALAAAAwGfYFPkwiKCW4ZNSs2u11xBPJUe3%2F58sARPZwpwLcc0K25ik1dKRyjN4HEB92f3XIR%2FDqqVv%2F3c9mjr%2BfblQ61VOkc5%2FaQjkNm9Q1nluNcYW9xENe8ATYgG%2FI158jGAACd9QiRb3m%2Bv38iYcft0LFl3o%2Fkh%2FODiuVX0%2FBo4Q0rpDzNV5AZgH8mJ%2F4bwxnP%2FCpBmeowyN5hE1N1nHOSEwyZRFMurLUAmBFLCDF8jY7fDctZhYL6CT2Z9T1OvD08iFrg%3D%3D%7Ctkp%3ABlBMUJaU4OG8Zw","","","Pre-Owned · US W 8.5","","","https://i.ebayimg.com/images/g/4CwAAeSw0t5p89ek/s-l500.webp",false,false,1,14,2026-05-02T00:35:04.3071276+00:00
"358381440532","ebay","nike shoes","3Sp8 on30s оArZed 2O GC","$660.00",660.00,"https://www.ebay.com/itm/358381440532?_skw=nike+shoes&epid=26039834269&itmmeta=01KQK1R17R10XXPETMTRP8BSA3&hash=item537132ce14:g:gcoAAeSwOh5pxeo4&itmprp=enc%3AAQALAAAAwGfYFPkwiKCW4ZNSs2u11xD03TVW%2BFN1k%2F9ENUc%2B7AoVNB1yTdrTCCLfyoA4Vd3V2qHkzq8dt611W%2FypTZC0KdP3cXLDUrFyCihkbasuGkCKl0Mq5uvG%2B5bgP80NkzdKqHPMTuN%2F2JaPrIIAUT2Tob%2BBlzLFtxAaTIs0kk1KKTi60bwa%2FlaX7JrL4naM2Njrcq%2BU3JE174g2j5n%2FNkaBvqA4hTLPVFv6rVQNUoeN9O4GaBLbWY57AHisXw9%2Bp75wwg%3D%3D%7Ctkp%3ABlBMUJaU4OG8Zw","","","Brand New · US M 14 · Nike · Nike SB","","","https://i.ebayimg.com/images/g/gcoAAeSwOh5pxeo4/s-l500.webp",false,false,1,15,2026-05-02T00:35:04.3071327+00:00
"257448637660","ebay","nike shoes","Sрon2sAo Bre4d U0","$60.00",60.00,"https://www.ebay.com/itm/257448637660?_skw=nike+shoes&itmmeta=01KQK1R17RHSPVT963NBJ949FK&hash=item3bf12274dc:g:oRgAAeSwCy1p1pyG&itmprp=enc%3AAQALAAAAwGfYFPkwiKCW4ZNSs2u11xDAEoxiRszJTvskD2LFwr%2F0UcyHouVcrepr9%2FWXNF0bMf0kmolzegsQ8MI3Go2zSJ22jzpX1HJXrtGvzY2PWGHyeoTdlL55Ud4%2BgPuWesmheWrjThsYMiLM9T6zj0x0ckAV93b%2F9mxwRkl6YW%2BsDJ3X%2F4f%2FRWgj5c4kfP744s7zGOmngKx20BjpeKmFmP8urjWecpSLRIolxGr8Et77aSuFCCXItnwMxvR9LD8WBawv%2FQ%3D%3D%7Ctkp%3ABlBMUJaU4OG8Zw","","","Pre-Owned · US M 7.5 · Nike","","","https://i.ebayimg.com/images/g/oRgAAeSwCy1p1pyG/s-l500.webp",false,false,1,16,2026-05-02T00:35:04.3071368+00:00
"377156325039","ebay","nike shoes","3V SGponC 9so0 2V BrC eS d","$80.00",80.00,"https://www.ebay.com/itm/377156325039?_skw=nike+shoes&itmmeta=01KQK1R17RQH432E6FPMR14R42&hash=item57d044ceaf:g:t84AAeSw129p9UPr&itmprp=enc%3AAQALAAAA8GfYFPkwiKCW4ZNSs2u11xB1VqK0Zo3BPmybYFSWUKDQx5UuUz%2BQXIgUzCvdbeJ17GzDr5TXO0fO%2BbBvraJ7OK9kOGFcylZo9QUm92RF%2FteMMVdoOgHBDiQ1YexkB51k%2BRxbbV9DkXN4k7hjzuQqk%2FYPIbHiLvUV74PSxEUBrMfkp8XQ1uexijt%2FWxzMlooweH59HEKlljb%2FVXNOPW%2B6l7QmtTMfdLV43Ku86xuY1w3w%2BKGvnjtFM1zImL1tCb9SydwV69RGjyc7DG5XV75tKbPiLOXu33kV9LNms4xjhQhavIr%2BEnkxesHzAV475tKaPQ%3D%3D%7Ctkp%3ABk9SR5aU4OG8Zw","","","New (Other) · Nike · Nike Zoom","","","https://i.ebayimg.com/images/g/t84AAeSw129p9UPr/s-l500.webp",false,false,1,17,2026-05-02T00:35:04.3071416+00:00
"157874165609","ebay","nike shoes","SponGH sorePP SdT T0 7","$55.00",55.00,"https://www.ebay.com/itm/157874165609?_skw=nike+shoes&epid=5059072748&itmmeta=01KQK1R17RYSA0FWYYCSM1Q73Y&hash=item24c2089769:g:BNoAAeSw8Ghp7qY4&itmprp=enc%3AAQALAAAA8GfYFPkwiKCW4ZNSs2u11xD%2FEsL8iosnoF5iBlp3e4euowMVpqROIAA8XxTdHC4m4mf8bq85TV5NF9SK7bOQEkVeugHwWNNHNik7T%2FC%2FomCQ70feXwO1SDC3ux3S7vWPD3H1qI9FOWZ4Ou1SVX6nmE9kNLmi4UTUa0VHmU%2BeV7Otze5L5iN3VDxrtlF%2FzTXcj9VMEy15Ls%2FNU%2BfE9MM5gnPQf8b1VJLj%2F3ijjPX3uYsMb5tAzZ9Up2eh6OKa24zZgmvfEkJfrVFyNxkBNQy8diya7I988D9WIKI%2Bx5ZjAOOUY3Ck8RUd7XLwm245IIA2Bw%3D%3D%7Ctkp%3ABk9SR5aU4OG8Zw","","","Brand New · US M 11.5 · Nike · Nike Run","","","https://i.ebayimg.com/images/g/BNoAAeSw8Ghp7qY4/s-l500.webp",false,false,1,18,2026-05-02T00:35:04.3071471+00:00
"366379987448","ebay","nike shoes","SpoEnsU or0eVd EF LT","$128.99",128.99,"https://www.ebay.com/itm/366379987448?_skw=nike+shoes&epid=18073205140&itmmeta=01KQK1R17S21PWRNVKRZ2W4VH9&hash=item554df2f1f8:g:AmQAAeSw5-9p89Dz&itmprp=enc%3AAQALAAAA8GfYFPkwiKCW4ZNSs2u11xACnjUzqOz0wy2Dvz5v%2BRTcy7Fdcaw5HPhvbl3%2Bp979L5H6LgcK%2B1oQLNbj3e3Z8OZ%2B5zHk4rzK%2BsrFKC3wbVKx9o3w7wXwyiWCwqr%2BzsFkzDJeWNJogLzV4LS74GqCseZCJ%2FvEPO4rUnBmy59Tq9ZO4IZBFhFQIMGdlBs0WTs0KocX99%2FNoMpiF3Pxw931N4bnt36cATA4Ai9hf4OdlZ3YKaMrIRLH%2Bvz%2ByOKvRbumC1JpYtHZspzvq7kID6JjCrO8vvY6WpAxw9zD2ZTq3xGB6s6CidSEGkM3CppspDn5TA%3D%3D%7Ctkp%3ABk9SR5aU4OG8Zw","","","Brand New · US M 9 · Nike · Nike Air Max","","","https://i.ebayimg.com/images/g/AmQAAeSw5-9p89Dz/s-l500.webp",false,false,1,19,2026-05-02T00:35:04.3071524+00:00
"227325510601","ebay","nike shoes","SpFonAsore YdE 70","$280.00",280.00,"https://www.ebay.com/itm/227325510601?_skw=nike+shoes&epid=7039828671&itmmeta=01KQK1R17SXS5G7Z48ZPM3KWCS&hash=item34eda803c9:g:kxwAAeSwHUxp9R9J&itmprp=enc%3AAQALAAAA0GfYFPkwiKCW4ZNSs2u11xAlaVniuI1Vpzr%2BBxcVR2J31L4iUu6p4mh5%2FaKREZnfJMk2rbEB7bkAzPmuje2wWtAjgFv%2B1pgbAWpnJ%2F3YE1jHoSegAD731N0xbGQcvccU5pWDaQy%2Fqst%2B1l%2FCz1hzEEQnroTGIknS%2BdhfNAvmm763GIGlY9LVHhot6wW3%2FoTjGk01wImUBGygbVhO%2FXLhXG%2BAiaerv%2BlHnv6M3y3sELeBMRyNH8EuEo3Ay2nSvt4ZVrBNDE1XOZZc55b%2Fm%2BnMyiY%3D%7Ctkp%3ABk9SR5aU4OG8Zw","","","Brand New · US M 8 · Nike","","","https://i.ebayimg.com/images/g/kxwAAeSwHUxp9R9J/s-l500.webp",false,false,1,20,2026-05-02T00:35:04.3071567+00:00
"358509187387","ebay","nike shoes","SB5 ZponJ sB8o r1edB WC","$85.00",85.00,"https://www.ebay.com/itm/358509187387?_skw=nike+shoes&itmmeta=01KQK1R17S4SA9YNWKBB5VXBXQ&hash=item5378d0113b:g:omgAAeSw7LZp9TZP&itmprp=enc%3AAQALAAAA0GfYFPkwiKCW4ZNSs2u11xBVloV42%2FRT%2FU2Ju%2FbHuOZqQodUDEDm2emU2Ia7a1L8aNY1Nw6LTttBFu9qOwB0TlEksEbxXMCumn7mAFigq7%2BrCSUu1PvGBu4thid68JRxkM94Pdq2yW16vONOz8F9%2FbFw16lJFtEcjz3ceqDBrHq8%2F0kociN07PuXUvNNLeYoIiGjygcPLiL6FoQ7agM8pJBtbm1hIRDQy%2FWhesQlU6nOX9y6uLn7bMpXFqGer1YPINes1Dkk%2BWcZg8tBJ9lCy3I%3D%7Ctkp%3ABk9SR5aU4OG8Zw","","","New (Other) · US M 8.5 · Nike · Nike Air Force","","","https://i.ebayimg.com/images/g/omgAAeSw7LZp9TZP/s-l500.webp",false,false,1,21,2026-05-02T00:35:04.3071618+00:00
"236791824591","ebay","nike shoes","SpLoUns o64 redCK 8K FT","$184.00",184.00,"https://www.ebay.com/itm/236791824591?_skw=nike+shoes&itmmeta=01KQK1R17SA31NNATPT2VTXAV4&hash=item3721e480cf:g:2WkAAeSwjapp9QGa&itmprp=enc%3AAQALAAAA8GfYFPkwiKCW4ZNSs2u11xB5evf0ZRBmsn2EJwPt%2FUC%2FIGd4hj2xkgGBCdXiUyhGswKsvJlWNdVPyRKGeptV4XB8gmkVdo%2FHS8uJ%2Fx%2BnG6P2aSrXSQbKZ1GMBDSQz2BmUJ48O2OKAnqSYyBr4HjUcn%2BNbKIgegU6GYqpjX0QU6pEx0uLq3MsPjvoBBhYLoU%2BUBkpXATGOdWpiL9imfioluh%2F5WRf42CtzZMX%2Fqnp6rcACU8qpwBBStpRhswsyedfg8mYIRSr1rTPa0h6kvg45%2BMcFIP%2Fs7dpoGihAN%2B3glaFC0mGPadJiNwZecRqLws7dA%3D%3D%7Ctkp%3ABk9SR5aU4OG8Zw","","","Brand New · US M 11 · Nike · Nike Air Zoom","","","https://i.ebayimg.com/images/g/2WkAAeSwjapp9QGa/s-l500.webp",false,false,1,22,2026-05-02T00:35:04.3071671+00:00
"198319932070","ebay","nike shoes","SpLoDn Fsor1 0ed5 R9","$30.00",30.00,"https://www.ebay.com/itm/198319932070?_skw=nike+shoes&itmmeta=01KQK1R17SDMYFC639PQH9FSAG&hash=item2e2cca02a6:g:x~UAAeSw9Npp8r2t&itmprp=enc%3AAQALAAAA0GfYFPkwiKCW4ZNSs2u11xD2Hjs7YYfxzyzSZTi%2FkeyYjxX3Zxs9cFqeRJPTjrcMVDrwYAiYldZu7ieKx2Uu7KjtM%2B5ptJwstkW%2BwXMOSAk19duyDcpQ0D2F9WIrBcUI66FWgd3tIRZixGEncRMr98tMsifuPZx1OPhCd3rdL4AYa8kDalGyD6yTOWAuTGSTgtN%2BwxHhfxB07dkdtKVsg36WSPFa8D%2BSFRk3yLHdKGh5hgwR30J%2FFNG%2F3E%2B8%2BNqXePttQWQ8%2B4gLI0EaYtR%2BAx0%3D%7Ctkp%3ABk9SR5aU4OG8Zw","","","Pre-Owned · US M 10.5 · Nike","","","https://i.ebayimg.com/images/g/x~UAAeSw9Npp8r2t/s-l500.webp",false,false,1,23,2026-05-02T00:35:04.3071717+00:00
"287304254870","ebay","nike shoes","SOD po9E n7sXor eQLd PT","$379.92",379.92,"https://www.ebay.com/itm/287304254870?_skw=nike+shoes&epid=18043553416&itmmeta=01KQK1R17SZGM536QDK0NC4BE7&hash=item42e4ab0596:g:0~sAAeSwg6Bp83xw&itmprp=enc%3AAQALAAAA0GfYFPkwiKCW4ZNSs2u11xA0un7DmaSjbUNV1ojekT7titxuYWPPjvmu8QrAKeZ9zQn%2FXEgzXDyKHUsp1KQ%2F4Qt84NqL%2BdGFfRcQSmgQjTPwcXhBu1SuRwUKBcT%2FHoX2Xbq8jF7bJHibftPZNamNFfiAYIeDFSFf3gaFcYIwViTUOJ4jnbmlI45MnsHd9gC4sOcKl4wtQuvNpt8xc1sp4150Vfn3G5Jb6IJAgE3qAf8a4vui5c3oYLzv6ZWUTWmxQHDaYuEoZvigD2rxTIIbU2Y%3D%7Ctkp%3ABk9SR5aU4OG8Zw","","","Pre-Owned · US M 12 · Nike · Nike Dunk","","","https://i.ebayimg.com/images/g/0~sAAeSwg6Bp83xw/s-l500.webp",false,false,1,24,2026-05-02T00:35:04.3071766+00:00
"358509054348","ebay","nike shoes","SpoHn0sor SLed 9F ID 0","$50.00",50.00,"https://www.ebay.com/itm/358509054348?_skw=nike+shoes&itmmeta=01KQK1R17SFA9AHB7TGGNF74KP&hash=item5378ce098c:g:SbYAAeSwLSlp9SlS&itmprp=enc%3AAQALAAAA8GfYFPkwiKCW4ZNSs2u11xAzSV68UGv9f6%2B1RV%2FnkCs20kHCnJR2CnDbXe9JDryri1AsuNd0EFzbk5dTTmL%2FkNsCa03JWF6BXd4SHGGxpQWyE0a2BmxNRFbCTdf6AlgvanlFhiPWV%2BlW6gzY0AwbonZQlX%2FCyAs7ba2JlyKKslkmeHAWe4%2F7MYJ2OiNQCRKN3a8EaJEeJ%2FY%2BnW07fvYwxJWT04ruoJapbD%2BlUW7ih9uK92Vy7J2luI1cbUjhPG98pBV0zK2dMOmfr%2B8ci%2BApyR6Xm6ag7mR%2BWdPsqnhLXSa1JLjT4PowURC7OZdPKyWERQ%3D%3D%7Ctkp%3ABk9SR5aU4OG8Zw","","","Pre-Owned · US M 12 · Nike · Nike Air Force","","","https://i.ebayimg.com/images/g/SbYAAeSwLSlp9SlS/s-l500.webp",false,false,1,25,2026-05-02T00:35:04.3071824+00:00
"358509168477","ebay","nike shoes","JSpE on0Bs oreOL FDd 4D","$65.00",65.00,"https://www.ebay.com/itm/358509168477?_skw=nike+shoes&itmmeta=01KQK1R17S1BB4ACW6D3BY732C&hash=item5378cfc75d:g:jToAAeSwLuFp9TFz&itmprp=enc%3AAQALAAAA8GfYFPkwiKCW4ZNSs2u11xDY5JShul8KDEr01aOrWigWi77SupXKMCCcyussgoRpkds84euyjliMOBFudL7rotH8fW9LZaCx6R2fwZ7NkpLa55aECyKdFOk%2BczThLtmMyQxbcsLyKIfPEB87SUor8n2szvV5hI5k8IgMdaLpgttSCkgSXgtz6fBGCOUhjn9uOG3KHMIlmrLFloT7DWWBtkPbdNpVvE6mfQk7Hwv3C9UGzBmmfEQImMWvcD1fh7V4or88nUvsjSgM%2Bs8mRgGwDGt7t9sou6i7iJNTOWkUpOUe3Ui%2B%2FVWHvK6mV5JfxzEUMg%3D%3D%7Ctkp%3ABk9SR5aU4OG8Zw","","","New (Other) · US M 11.5 · Nike · Nike Blazer","","","https://i.ebayimg.com/images/g/jToAAeSwLuFp9TFz/s-l500.webp",false,false,1,26,2026-05-02T00:35:04.3071874+00:00
"318232522745","ebay","nike shoes","XSponsU oredLP MR M4 6","$77.44",77.44,"https://www.ebay.com/itm/318232522745?_skw=nike+shoes&itmmeta=01KQK1R17SYF8W4G65J3EH7PA4&hash=item4a1822eff9:g:8t4AAeSwYOtp9MQB&itmprp=enc%3AAQALAAAA0GfYFPkwiKCW4ZNSs2u11xD7TfGby7XZ3SnUJYd0KYPk9yzPDkZQqyuWUCGUgoAgWCXDtBvcxH4g%2BinSTaTWlRjNASYQerqOwTgSZKuwUp3QhKxHhIwNx5vF0k4IDkvVlAxHyX6%2BFbSqXyRrOpPYkZo339exJ%2FWr4M1l5sqJtXIi%2Bs1fka8zQeMLDDAEi6XiG42tqBFni9zWwvFNoBFGiYbgAQkigoWg7TKKedYTjKDHGmdWee9eMxbVztCDzckZ8%2BSG5qbtKyVjHBRWDEpNHJU%3D%7Ctkp%3ABk9SR5aU4OG8Zw","","","Pre-Owned · US M 14 · Nike · Nike Renew","","","https://i.ebayimg.com/images/g/8t4AAeSwYOtp9MQB/s-l500.webp",false,false,1,27,2026-05-02T00:35:04.3071920+00:00
"318228888860","ebay","nike shoes","SWpo7nsore dRM U6 ZC","$192.90",192.90,"https://www.ebay.com/itm/318228888860?_skw=nike+shoes&itmmeta=01KQK1R17SXHVS4BMW86Z7AQFP&hash=item4a17eb7d1c:g:p0sAAeSw0k5p8-Rq&itmprp=enc%3AAQALAAAA0GfYFPkwiKCW4ZNSs2u11xA1oWSJzJDMYcv84l1CR90hc%2BPOIKxg0WsiC5dmQezaLeM6rnZ0wD0oDWiXKGv8XibGHngGvZ7I78cZmgWE%2B1TxATD9OW5rwOTRKEc%2FSgouAFmuxVH%2F9KXooVx38Buzi9FywNuyNd%2B50TApVH5VIqWISS1CiwW4AyNeKdJQazyZ9mKNL%2FtizSjMp416MinGqJHP7dGiwohv42z69t%2FDMtP70uZnGhqElFEGZccRAvafa23HUSceIvM8c49LWLsRcAQ%3D%7Ctkp%3ABk9SR5iU4OG8Zw","","","Brand New · US M 7 + more","","","https://i.ebayimg.com/images/g/p0sAAeSw0k5p8-Rq/s-l500.webp",false,false,1,28,2026-05-02T00:35:04.3071966+00:00
"358377456819","ebay","nike shoes","ЅponJN HJso 7rBe 53d 64","$1,100.00",1100.00,"https://www.ebay.com/itm/358377456819?_skw=nike+shoes&epid=19039823585&itmmeta=01KQK1R17S94VWE09AQPF8ZAAE&hash=item5370f604b3:g:BisAAeSw8eJpxUF-&itmprp=enc%3AAQALAAAAwGfYFPkwiKCW4ZNSs2u11xBE0tpRGni0aXtfqnRLTpBSo%2BFyZJ2aMmHu%2BR5N%2F4%2BnvRken7v8pVq2ObI8DBXYubVsYB755XevNkgWJU%2FyYRTBOui%2BdryLYkYuPXvwlzlMP3SiPOdf6U2g%2F4pJhyVH%2Fa%2BlOqnoVXIMHF8ALrkroQ%2FkhthsjK8tqKJHUpdiAExAB1RewTJU9y7EsxgycUN0EdcXsGDXTxHgRzkxBDA9iHiLxmOavEXjNdXZpUowYKV8Dw%3D%3D%7Ctkp%3ABlBMUJiU4OG8Zw","","","Brand New · US M 11.5 · Nike · Nike Dunk","","","https://i.ebayimg.com/images/g/BisAAeSw8eJpxUF-/s-l500.webp",false,false,1,29,2026-05-02T00:35:04.3074564+00:00
"157798025255","ebay","nike shoes","DSpMo nUsTо rPX PeGd IS","$85.80",85.80,"https://www.ebay.com/itm/157798025255?_skw=nike+shoes&epid=5053900448&itmmeta=01KQK1R17ST17KR7N1KDXAY1AB&hash=item24bd7ec827:g:RUUAAeSwaKxpysap&itmprp=enc%3AAQALAAAAwGfYFPkwiKCW4ZNSs2u11xCI2iaB6rti6KfQj40P%2B3UgyBhnxJ3bWevdJbH8vQQ3j%2Fi4ohSNCgcrL3aZw77Yg5H5zDy%2BSUDRcU63gTrua%2B6IfB0k75wGDh1WZqPA4jRb394iGyIqvwnnLOiKwWtO6QXL5IKnoeMXFut22dP16i7zwRUXwXC3Cwg9%2BYVi17pu0VaZTrb4%2B3D94KtqFkmvNvd%2FF65THHBXhdBX3iKrocdrQvivaTmYqjHlpJPf%2BaqzUQ%3D%3D%7Ctkp%3ABlBMUJiU4OG8Zw","","","Brand New · US W 7","","","https://i.ebayimg.com/images/g/RUUAAeSwaKxpysap/s-l500.webp",false,false,1,30,2026-05-02T00:35:04.3074644+00:00
"236486626448","ebay","nike shoes","BMЅ pons8Ko RC red43 T6","$106.99",106.99,"https://www.ebay.com/itm/236486626448?_skw=nike+shoes&epid=5065107674&itmmeta=01KQK1R17SHZPJNNFTKY0BT45S&hash=item370fb38c90:g:lYQAAeSwKi9pI4oC&itmprp=enc%3AAQALAAAAwGfYFPkwiKCW4ZNSs2u11xAxON42QuWyExBVNGxPErcgOgNG12PZzcDcKcj4mB%2FqSTTTNMaejT%2FGksqzCSEH4%2F95MHYI9Odt98yd6WGewVP8eACb1ZponNPvxrnIxUvcHQpeULza5NoMNdb1qQmaAlV8wUsOGKWnnQ%2BDCVnX%2BwCqADHSQyEJwDc5Qkg%2BUCjXgaqoBEwsDxeQzmqDnkS9cRQwmxbxS9TBPc2GbA4zZoXkFmcSfF2lAacAzuR04AiaSg%3D%3D%7Ctkp%3ABlBMUJiU4OG8Zw","","","Brand New · US M 11 · Nike · Nike Air Max","","","https://i.ebayimg.com/images/g/lYQAAeSwKi9pI4oC/s-l500.webp",false,false,1,31,2026-05-02T00:35:04.3074706+00:00
"227283151434","ebay","nike shoes","SJpons0 3T о6redC 9Z U","$147.00",147.00,"https://www.ebay.com/itm/227283151434?_skw=nike+shoes&epid=12086887796&itmmeta=01KQK1R17SM029G25AFBMHC0M7&hash=item34eb21aa4a:g:CY0AAeSwTP1pzdu2&itmprp=enc%3AAQALAAAAwGfYFPkwiKCW4ZNSs2u11xDUofOXAB2NN43%2BOxkVBbRpc%2BVFZ63akyu3PhI32yf6d0WnoNC3z%2BkOBWYO4YORiKJMH%2BsozV1Hz35RqaUoC0eL8T7Q9IXVC21n%2FffWBCDxoqZAPSaBp5uqZWKYg%2BViDUVmDr369W3eguoWSi9YdU9ZBMLm%2F2bbnOxZsqdPK7QqIY33N8M8rSz2yWbevzSJF7PovvWPO7x7XbNfXyNHUG%2BcMpapBsXstigaTl9CtEtiyA%3D%3D%7Ctkp%3ABlBMUJiU4OG8Zw","","","New (Other) · US W 11","","","https://i.ebayimg.com/images/g/CY0AAeSwTP1pzdu2/s-l500.webp",false,false,1,32,2026-05-02T00:35:04.3074754+00:00
"406895824995","ebay","nike shoes","9SY ZYp oWnJsor ed14","$39.00",39.00,"https://www.ebay.com/itm/406895824995?_skw=nike+shoes&epid=2330182162&itmmeta=01KQK1R17SBTFN405MTFADZEVP&hash=item5ebce19063:g:tsoAAeSwPN5p8-4v&itmprp=enc%3AAQALAAAA0GfYFPkwiKCW4ZNSs2u11xCQ1MHqreYVekRIOv%2BDMad1lrcLUuyIwqiwV61tpqbcuKF0etATRmBaBF2eO1zSv8s2otGZFiYDyzK8EBQPnlJaFnk4niSQbM9txPR8x8teHksu2ZSTuQEwT6mctSdp%2B0FyROUJTjL3osW0yUvQmWi7v4f0MmWty%2BHlnfmFRY5MfPIaf3Q8MfRBYjcIiMas4cOWmLs0pfyrUMVrtiMt8pzakuBdiLokpZtLhiUIKL7CHzuEEb94zi%2Bpo9TdakU0v80%3D%7Ctkp%3ABk9SR5iU4OG8Zw","","","Brand New · US M 10 · Nike · Nike Run","","","https://i.ebayimg.com/images/g/tsoAAeSwPN5p8-4v/s-l500.webp",false,false,1,33,2026-05-02T00:35:04.3074802+00:00
"406895827920","ebay","nike shoes","Sp66 Y9on Ss2 o13 4reB 8d","$39.00",39.00,"https://www.ebay.com/itm/406895827920?_skw=nike+shoes&epid=9059134473&itmmeta=01KQK1R17SPRRDKFW3ZKYECZW4&hash=item5ebce19bd0:g:tsoAAeSwPN5p8-4v&itmprp=enc%3AAQALAAAA0GfYFPkwiKCW4ZNSs2u11xDxtlMfdsk%2FPf6fQcxgLii1AK7stu3BfeLtfVO6Wc0EvjrnkuFSQszAw0et3BV81v9bnsNc5RCeYcATmG0zYbWqYHwNlWBnhjKacQdCVL3C%2FFOfyHscE%2BSX867%2BPicRUmyrtgZPYCANongL%2Bni7oQoypZPjjpjMe%2Feyx2ut9qs34SC8R1zvjFsp6vog0ZQz79cbQUw4AN%2Bc55K4yimRz%2FF%2BBLSXYyed%2FTuEji1W%2FaPqwLmDdzuHmm61spklO5yyWZw%3D%7Ctkp%3ABk9SR5iU4OG8Zw","","","Brand New · US M 11 · Nike · Nike Run","","","https://i.ebayimg.com/images/g/tsoAAeSwPN5p8-4v/s-l500.webp",false,false,1,34,2026-05-02T00:35:04.3074853+00:00
"188337887198","ebay","nike shoes","SpoRYns orePdI FC 17 R","$60.00",60.00,"https://www.ebay.com/itm/188337887198?_skw=nike+shoes&epid=18051830786&itmmeta=01KQK1R17SY99QGR01YGDMCT8F&hash=item2bd9d017de:g:W-8AAeSw6z9p9T92&itmprp=enc%3AAQALAAAA0GfYFPkwiKCW4ZNSs2u11xBQUiWjnOpZa3yaYs3My%2BDzlPCj9JajPxB%2FYdQvLSq2Vv%2Fmr%2FmlPdwKID6d2YCWbk6lNFfMZXSAb7C60UirjdSmeY3a9Fj6fYtX0MdttOtQdSYS%2BwuNsX1KjkPhL1jpRaapodTTzpcYyqDE%2BUNwl7KC1i2Q1bKRyn19ngFFPrvRUgk%2BhiffG88TrlaNZijYpyN0hbefC4b0c4Txpr2udF4fie9WoW0NM%2BVqwFthDdwNPAYeZ3i%2FsBH37JX%2Bvxhyj5I%3D%7Ctkp%3ABk9SR5iU4OG8Zw","","","Pre-Owned · US M 6 · Nike","","","https://i.ebayimg.com/images/g/W-8AAeSw6z9p9T92/s-l500.webp",false,false,1,35,2026-05-02T00:35:04.3074897+00:00
"168344030808","ebay","nike shoes","ESpon0 sGorU BeC BD dG","$50.00",50.00,"https://www.ebay.com/itm/168344030808?_skw=nike+shoes&itmmeta=01KQK1R17SEH9YHHH727VZQN24&hash=item2732160e58:g:KCAAAeSweUpp88vZ&itmprp=enc%3AAQALAAAA8GfYFPkwiKCW4ZNSs2u11xB4L55K4vwojKAT1es6BG0DXaM%2F050fec0NBDJkAOzEWYbOCQIdkKWtSwGgHMC07Gvbich02JVO99Cmx%2B6yEi8%2B8sRN%2Bp16zZ%2FR7KqVNvV%2B7OUtc92QXFutuGdeqT8mVZOTxYslSGSR4rWkWgJ4UzEhkULpueZB2KW4azOEjB%2BvG%2BZDmDLFe4xmBaHE88W3YcpP7FzHnuyGN4nLPJaybzGSOrxAVICadTOT7iHotSlG4Q26MY3aSAOYJYcYOVVdO2Vo%2BjU%2Bo3jbi5%2FF0y1h2BWtNNJV6pH%2ByCAXBJI%2FlVJ0ww%3D%3D%7Ctkp%3ABk9SR5iU4OG8Zw","","","Pre-Owned · US M 10.5 · Nike · Nike Air Force","","","https://i.ebayimg.com/images/g/KCAAAeSweUpp88vZ/s-l500.webp",false,false,1,36,2026-05-02T00:35:04.3074948+00:00
"397901176745","ebay","nike shoes","7Spons2o rXedG U0 XF 0","$60.00",60.00,"https://www.ebay.com/itm/397901176745?_skw=nike+shoes&itmmeta=01KQK1R17SYY4D86PM81NDN29M&hash=item5ca4c21fa9:g:LsUAAeSwS-xp9S9r&itmprp=enc%3AAQALAAAA8GfYFPkwiKCW4ZNSs2u11xDzNlAMEvK4L%2BiF%2Fp0U26qJuBDL9u0Fl%2F5nH83BHfTlsJdAhXttZz20LqjP%2BC0VQxJK9afaHOUqHv8qBJrcC3fA4u6tpNfggP0ywfUCJhjngxtdfNWtKvBi8BrpDtlQ%2FHPoSNDoRg%2BKbNaWHNZ7QORdnFVfWt55eNXDpmeJ%2B0aUAyRbrzcAv6MTWHZutjl0HXHzw4VhWbgKc9R1nsWtv7cRwKkPYh7Ujsr70dvstciijoGqcabf%2BFS%2BjPG8gM%2B3fRUGGwBF5bNxuSHCXtggAHEFyInudcIDga%2B7x1WIIVh31Q%3D%3D%7Ctkp%3ABk9SR5iU4OG8Zw","","","Pre-Owned · US M 10 · Nike","","","https://i.ebayimg.com/images/g/LsUAAeSwS-xp9S9r/s-l500.webp",false,false,1,37,2026-05-02T00:35:04.3074993+00:00
"227316546276","ebay","nike shoes","LSpon6 s7ored1 ER EL 59 G","$152.00",152.00,"https://www.ebay.com/itm/227316546276?_skw=nike+shoes&itmmeta=01KQK1R17S1223KSMHAXTX4MPC&hash=item34ed1f3ae4:g:e~oAAeSwBXRp7N~f&itmprp=enc%3AAQALAAAA8GfYFPkwiKCW4ZNSs2u11xBYINDKHXGFiqP0IhTVyaBifBMmej5MvHb%2Fj%2FssP7MtcMpcdG7VZdo07cRORORSP6xYq2d%2Fo1%2F5LFGS4o54shtWQoQkBtQ615p3Gq1KmjyCz4R67iEda8sykLvli10NkHrEZcYsePBQOuqQ2PDFtHfJzlj%2FyQEkSeJPbHpbA7hg6yFWlEf7jwDLoiZ3l47%2F4rsL6KXHj7zN%2B8ilRzDamIm9NQ5JVqLUlBXICoivIap%2B5kaFkvSuWEnbVs1xvI4IuEZGZNhuxqVUkaUzI3IkV6OMLyW4vNq84po9nH9zy19Gjg%3D%3D%7Ctkp%3ABk9SR5iU4OG8Zw","","","Brand New · US M 8 + more","","","https://i.ebayimg.com/images/g/e~oAAeSwBXRp7N~f/s-l500.webp",false,false,1,38,2026-05-02T00:35:04.3075039+00:00
"306445111733","ebay","nike shoes","XUSpon ѕoCredX XT","$77.00",77.00,"https://www.ebay.com/itm/306445111733?_skw=nike+shoes&epid=8058292809&itmmeta=01KQK1R17SQ1F90NTB5CAM83N4&hash=item47598d51b5:g:ovEAAeSwsG1ompsd&itmprp=enc%3AAQALAAAAwGfYFPkwiKCW4ZNSs2u11xB4d98quYfwWdYZ2tf2VtAb6lZ9qATMswtew%2FqPn%2Fw0ZdSUJly4bAHSYTd9sUJytgoXKEbDJaeCW03zmK8DdQZc%2BleGOTkXwKkmoIcfW3mGPsE1wsUtFs8vs2p8hM%2Ff2%2FhyO7nOGV%2BnbgWoyn2EQ0FIBDvjDakPGLJPKmR5zjBuyvuFJ7hWUaWZNMtogHK7kZ4NPuR0P%2BNCHqWajjF0pwWZefZeuu0U5AUBfo9KJcY8%2BA%3D%3D%7Ctkp%3ABlBMUJiU4OG8Zw","","","Pre-Owned · US M 11 · Nike · Nike Giannis","","","https://i.ebayimg.com/images/g/ovEAAeSwsG1ompsd/s-l500.webp",false,false,1,39,2026-05-02T00:35:04.3075098+00:00
"356476081860","ebay","nike shoes","DQ ЅpoNnsoG GX reR2 d0C T","$80.00",80.00,"https://www.ebay.com/itm/356476081860?_skw=nike+shoes&epid=3039813308&itmmeta=01KQK1R17SCVGKH9XAM32VYSF4&hash=item52ffa156c4:g:VhsAAOSw81JnibWC&itmprp=enc%3AAQALAAAAwGfYFPkwiKCW4ZNSs2u11xAutoWwGZTLCEj0ir%2BmW%2B3DAdJdpvSvLCLHgJcOcubTVTFGcFnJ7bT1TPovJ0qvxuZMqV8uhTNvTGjZewwOZQLFJLa7BG0whVRYpZG3Y3lb7tRnwHao2xAf00FMQNYRycInCHNufbyDaZGl4CZEM%2BwpE%2BOQg7iEFrw0nU93M4hr9BMJJpVtubibpRJ6DiU0bllY4rU3pZJxdigISCe1k%2FeyuUaKDQTdUBzgescENp3igQ%3D%3D%7Ctkp%3ABlBMUJiU4OG8Zw","","","Pre-Owned · US M 9 · Nike · Nike Air Force","","","https://i.ebayimg.com/images/g/VhsAAOSw81JnibWC/s-l500.webp",false,false,1,40,2026-05-02T00:35:04.3075150+00:00
"397901367365","ebay","nike shoes","SpoIn3so 4red9 1X 00 K8","$102.86",102.86,"https://www.ebay.com/itm/397901367365?_skw=nike+shoes&epid=15057889009&itmmeta=01KQK1R17TX7Y8Z33J2K5SAX35&hash=item5ca4c50845:g:jRIAAeSwFd5p9T0P&itmprp=enc%3AAQALAAAA8GfYFPkwiKCW4ZNSs2u11xBB8Hf3IM%2FFjFY8vPgSzkllBd6nlssgS5arFqpFCg76mGEeGVoQB39p5yzwjaXl4OtNlsd7amg1%2FIl0OA59AZvRNwfkcU1A2VeEDVmapR%2F5Vy5074eE%2FGRc98yzd8aibDx7X0cs327Z5yEmO%2FWBr1BTfe2WsGXjlb3jx75d8BOy1qLUNrji3%2BnFuuHIudQYmhXdmZHqVoQ%2BmsoWKUeWMutZ54ODU6dpVIfEbl7v7k3m3P4DI5grUE07sC4dIJeg%2FPPyJE8a3XFyaC0v5jfCfjqrTyUoXOvrO1bp5C7l5JyeAw%3D%3D%7Ctkp%3ABk9SR5iU4OG8Zw","","","Brand New · US M 9.5 · Nike · Nike Air","","","https://i.ebayimg.com/images/g/jRIAAeSwFd5p9T0P/s-l500.webp",false,false,1,41,2026-05-02T00:35:04.3075205+00:00
"389962530372","ebay","nike shoes","5Sp8 o1H F6n Gs8 MoV red","$35.00",35.00,"https://www.ebay.com/itm/389962530372?_skw=nike+shoes&itmmeta=01KQK1R17T2WDBXH3PTPFVPPQH&hash=item5acb93fe44:g:HdgAAeSwrmRp9Rp4&itmprp=enc%3AAQALAAAA8GfYFPkwiKCW4ZNSs2u11xDMejCrmZNo5CYXe2F8XmOe83UQrkUPBrpeX6dZekhB9KtSdh4S7TI8vdFVAdv9ooVNM%2Bs%2FYdQMhCjOJdHFvUOWCkwinMlKevN3otSKdNdBoPjcGWQVPXwihnuzYWZegUSW4gosyWx1arRM9VBieCL9aeW%2F7BtmxouQ5iTXMFGmaUSTfEQGnQ7b9bo5q%2B93I1l7louPGNVCjFhlctTXnFU5dTV5t8TOL1ZLtIvM6CbrnKfj0Q1Rz0zIQ4jGM6yLNdb05XplRVsrEc%2Bwt%2FXlJ2taMrGXqtKTooYZKYy8HHFZ8Q%3D%3D%7Ctkp%3ABk9SR5iU4OG8Zw","","","Pre-Owned · US M 11 · Nike","","","https://i.ebayimg.com/images/g/HdgAAeSwrmRp9Rp4/s-l500.webp",false,false,1,42,2026-05-02T00:35:04.3075248+00:00
"287306173512","ebay","nike shoes","D6Sp PJon SFs 89 orFe2d S","$69.00",69.00,"https://www.ebay.com/itm/287306173512?_skw=nike+shoes&itmmeta=01KQK1R17T891SVAQRVA6W2Z7Z&hash=item42e4c84c48:g:CdkAAeSw9zpp9TYX&itmprp=enc%3AAQALAAAA4GfYFPkwiKCW4ZNSs2u11xB75872Vk20HDqJxQTOMIJP2uecXXkTTPHOwxWXVXdajAcGea%2BB2SxvznVE4ZoASs2Z5Wq2mgvR5cv%2FLtZ4ZI0q8SC0mr2sCHQC%2BAXoyvv4O4p2xptbuDxCtpLOYPFfG8wGcWVrwVQn5JLI%2F9WTFMhIDZkyENTeGL0UwcngJCJJpszrTAn7JDUQ67FfCUrahfRpbChZN%2F41ADY9suwsVfgEWs0BHUQjjYBV9rIf2vjmr0A4hJ%2F8efx33%2BmumeSBfTh9YojNx4ZqwA6Kr7BP339S%7Ctkp%3ABk9SR5iU4OG8Zw","","","Pre-Owned · US M 11.5 · Nike · Nike Air Zoom","","","https://i.ebayimg.com/images/g/CdkAAeSw9zpp9TYX/s-l500.webp",false,false,1,43,2026-05-02T00:35:04.3075300+00:00
"117172558842","ebay","nike shoes","Spon3Js oFredR P5","$79.99",79.99,"https://www.ebay.com/itm/117172558842?_skw=nike+shoes&itmmeta=01KQK1R17TSTN0948V2RBEHB4S&hash=item1b48075bfa:g:e3QAAeSw0Ulp9Q13&itmprp=enc%3AAQALAAAA8GfYFPkwiKCW4ZNSs2u11xDIiKured7f%2BLDmxPm8Hxer6%2FeZ8Ax2VnI7qDyeXw%2F2kApdMPeXNXyS1P2%2BxKv%2BLsvMlpCXp5KDNJ0r5zr3pWa8yUJGsG60DKLVqaMtApA%2FfGeBeqKw%2FgM3w6qMAKPQJoLZl0svIpZAUM5lCjArITKDR%2BHrS5M55S8LObPN6GD3jjymZ9WTO2eOHD8qfBQMoEIhiDNMMsQuNOpAOfnJk5rZt0CdB41SDWFDWXJKPBt7igEeCPJwwGoRw0TLlfiTV8IbGrJ5xPHZYvFy0fj6WZUWQQ3nLYDR0lebMJ03rNFUHA%3D%3D%7Ctkp%3ABk9SR5iU4OG8Zw","","","Pre-Owned · US M 13 · Nike · Nike Air Max","","","https://i.ebayimg.com/images/g/e3QAAeSw0Ulp9Q13/s-l500.webp",false,false,1,44,2026-05-02T00:35:04.3075348+00:00
"306909694484","ebay","nike shoes","5K SpUons7o 9rEe ZdO SA","$95.00",95.00,"https://www.ebay.com/itm/306909694484?_skw=nike+shoes&itmmeta=01KQK1R17TDZ82P9M7ABWMT4VT&hash=item47753e4a14:g:TZ8AAeSwSx9p8sSt&itmprp=enc%3AAQALAAAA0GfYFPkwiKCW4ZNSs2u11xBlrlVl3nzciWEN2Jn22kryIrc%2F6fgLxmecU9AsS59DibgMHcYYvYGRu6ZoWxuqxaD50WnLzy1BQkY8VsvhK6j8BKSEldf0RxxTebfEceugunWd%2Bd9Gjao2cfdDzc9%2BAtW3INX4izTAnVotf1eilAjeNuuM2SHmOzMr8JQGT0SAXTBWlwRJJc6nJGtL0rDR3DeTcWvPXMb%2FvkyDoIQWh8FuJq%2BtyBhgFtrgk4s83pEfjWeDvkQvMpZEJcIeZ9QRGHw%3D%7Ctkp%3ABk9SR5iU4OG8Zw","","","Brand New · US M 9 · Nike","","","https://i.ebayimg.com/images/g/TZ8AAeSwSx9p8sSt/s-l500.webp",false,false,1,45,2026-05-02T00:35:04.3075393+00:00
"366381543315","ebay","nike shoes","Sponso8I YDred JX RX","$80.00",80.00,"https://www.ebay.com/itm/366381543315?_skw=nike+shoes&itmmeta=01KQK1R17T9CZAPVZF7SSF39RG&hash=item554e0aaf93:g:KfAAAeSwHQBp9LUy&itmprp=enc%3AAQALAAAA0GfYFPkwiKCW4ZNSs2u11xC1woardzEKthnhpqLcaR%2FfMyv5OAH81%2FE%2B9fROmbwRXlBeF%2BxhA1K4%2B15FZ7z4qSc3qOEBQ5j1hSbjB3G6XcyJqLVavJ8ZsY48FTJVLLG8KEIjDY2fpy0WZmbHly8%2BOn%2BGINZcMWjkM52071QlDL6Quifc2PacSMEPOqkfIqbgLJm9WibpEUb%2FlhXwwJl2XIiNkawA6YfnpBTYSvVXABAJlFGO4TEfm2yDKKPMiN6DOARlSLM2KwIpCIXCvr1Lw7w%3D%7Ctkp%3ABk9SR5iU4OG8Zw","","","New (Other) · US M 10.5 · Nike · Nike Air Max","","","https://i.ebayimg.com/images/g/KfAAAeSwHQBp9LUy/s-l500.webp",false,false,1,46,2026-05-02T00:35:04.3075444+00:00
"306912717867","ebay","nike shoes","TSponsZo P5re d3Q ZI 3U","$150.00",150.00,"https://www.ebay.com/itm/306912717867?_skw=nike+shoes&epid=6039845384&itmmeta=01KQK1R17T7WDVCNZQ8HCXF04Z&hash=item47756c6c2b:g:Jt4AAeSw-H1p9QP4&itmprp=enc%3AAQALAAAA8GfYFPkwiKCW4ZNSs2u11xDw5msF76AEq20vj8wcA7a3rtcGsOCBdGpPdb4XmBb6Nz%2FzgVvdtoN68jqrPTM%2BDTrEIsRXln6EuK89ZCClPk4a7EOHWQmZCvkZ3CgVkojIw7MKMNc%2FfsXWJ0rUWnI3WJFwInmYoJH5HbFw8LiMYRIRFqB%2FFztF1RX18PyvnFnO%2BZ9vKvuNT2BYcnC6jQQtg%2BDzFHjkYdocNXean4UvPlPlReBbWieXGlyArUkyb8TCzKQpuMXrDZPtUpuROMGJUMAySkGyDEpe%2BRdtAiAS1tE3pLkOK%2BXUm2nIzBI0GC%2Ffzw%3D%3D%7Ctkp%3ABk9SR5iU4OG8Zw","","","Brand New · US M 9 · Nike · Nike CruzrOne","","","https://i.ebayimg.com/images/g/Jt4AAeSw-H1p9QP4/s-l500.webp",false,false,1,47,2026-05-02T00:35:04.3075496+00:00
"366379844241","ebay","nike shoes","SYB pFUo QnD sDNore 84 dP","$125.00",125.00,"https://www.ebay.com/itm/366379844241?_skw=nike+shoes&itmmeta=01KQK1R17TSXKJJEVGER44YSTJ&hash=item554df0c291:g:CgMAAeSwSeRp87h7&itmprp=enc%3AAQALAAAA8GfYFPkwiKCW4ZNSs2u11xB%2FFbVrF1h4hTjNTT3ATdbrvBbJMjItWqZ4aXcju%2BmtKR68tknXQOn36ltUrw53BRKiUIC5d1To79UfwNVgBGqylx2IPGfKnp9VPRC3mkGmDY2ZlN9bt5yOzkMdHRRQT4s40g71e1VXS5S8eOfMOn75fUOuFctYw8MaD7YuZ5j%2B8AWhPiQY1qP9%2F4PfPweAtz0ljz3G0VWeonTfqqoDgBzKXWW9cRFPfZ8nJOsBncaie4HFxDaQwFmrAKv5KWx8RCW6xNY9vbweqJX9H%2BnGBoHT93rWHTEgMHSZZXG1suio2A%3D%3D%7Ctkp%3ABk9SR5iU4OG8Zw","","","Brand New · US M 9 · Nike · Nike Air Max","","","https://i.ebayimg.com/images/g/CgMAAeSwSeRp87h7/s-l500.webp",false,false,1,48,2026-05-02T00:35:04.3075547+00:00
"157876572956","ebay","nike shoes","OM UJS pHonUs 6oredT 9R B","$50.00",50.00,"https://www.ebay.com/itm/157876572956?_skw=nike+shoes&epid=17088610028&itmmeta=01KQK1R17TP8YAVP917HWC5XPC&hash=item24c22d531c:g:7hwAAeSwph5p9Qtu&itmprp=enc%3AAQALAAAA0GfYFPkwiKCW4ZNSs2u11xA2fr2s56CD%2FnvMJ5EuSAPJqzP175XpHiu%2FZWH81ets4DFrgBggdbCBAjpVeToD60Of4WMbuRuxRVUcb7ScEc9XeIT8z55kZOlh2cVxk%2FrvHRjL6nwEd4%2FBy%2Byo%2FI7Buoid63QM%2Fkkg7LMGfKcwcZgdGY0SixRX03s1pWkzB0PuQo7UqsgO6O988ACOKG9FyvV0N%2BaJN7BsLhL7x4NtZClvymAXnzhdjY2gf3IaQdEGkm%2BjYrX%2FpFiDocZVqkoPDsQ%3D%7Ctkp%3ABk9SR5qU4OG8Zw","","","Pre-Owned · US M 10.5 · Nike · Nike Mind","","","https://i.ebayimg.com/images/g/7hwAAeSwph5p9Qtu/s-l500.webp",false,false,1,49,2026-05-02T00:35:04.3075597+00:00
"377154271292","ebay","nike shoes","W2 RI Z0 JS0ponsored RC","$75.00",75.00,"https://www.ebay.com/itm/377154271292?_skw=nike+shoes&itmmeta=01KQK1R17T6RJ6FTQJ38GHQFMN&hash=item57d025783c:g:DNQAAeSwLQ1p9DL5&itmprp=enc%3AAQALAAAA0GfYFPkwiKCW4ZNSs2u11xCCyJ1YnWkKqffg4%2F1aq7IcBghc4jrLXibkhncIs7yypZ%2FTaBXtc3vfgSBO2CagP9txXyj28iPgkae9SlGtBQ0bneB2GguQDtFCkbSFn39RNl5Yxvn1KynI%2FfY9im%2BXYo60Uth6a%2Bu8oAtgphvEJv0X4JTiqcdrHCGeBVKDdug%2BHV7IfaF6VHtRzYtfOF%2Bqdrn7Mzr2xq1dkBgGhcRHqXAItGFwfRRwRjNcEUL4wUqA%2FxUVgsNsirBu0MOPIeQwtXM%3D%7Ctkp%3ABk9SR5qU4OG8Zw","","","New (Other) · US M 8 · Nike · Nike Air Max","","","https://i.ebayimg.com/images/g/DNQAAeSwLQ1p9DL5/s-l500.webp",false,false,1,50,2026-05-02T00:35:04.3075645+00:00
"389955614192","ebay","nike shoes","SXponsorPed 1I 0A WL Q0","$70.00",70.00,"https://www.ebay.com/itm/389955614192?_skw=nike+shoes&itmmeta=01KQK1R17TZDRPPD51NNTSKC2Y&hash=item5acb2a75f0:g:GLQAAeSw5spp8ulE&itmprp=enc%3AAQALAAAA8GfYFPkwiKCW4ZNSs2u11xDHXqAM3KXlQhHsTEUILdrbHDqALtUoZaZMdnxojPTw2MFiQmK%2BKk7Tx2%2BjwxC%2FlCSOoNp%2BLWb55o4DI1K2HDiGYT3If9RKg9IW%2B7%2Bf%2Fv36SNs8973BiRDE%2BIP8Bz3ZQSZjc3AwwyviQJSRKvIYiMdMBOqMn7j6l7s%2Fupdh2XTsbZlNKHzJf7CKq83FM1e2%2BzmePEoZeSO8%2FkXBpiNyjXJBh45MA5nWUB2N0PWtjuHjnLy9lHTccM%2FVnT2Hijr8P7dEY4h0poJ5h79v7IlHz3%2BwUZ4tk%2Fci12vm%2FylIT5JhrA%3D%3D%7Ctkp%3ABk9SR5qU4OG8Zw","","","Pre-Owned · US M 9.5 · Nike","","","https://i.ebayimg.com/images/g/GLQAAeSw5spp8ulE/s-l500.webp",false,false,1,51,2026-05-02T00:35:04.3075685+00:00
"168344184900","ebay","nike shoes","S1Ep onsLJ LU oWr4 e1H Rd","$215.00",215.00,"https://www.ebay.com/itm/168344184900?_skw=nike+shoes&epid=18039824430&itmmeta=01KQK1R17TBAXNQT9VT7WF4314&hash=item2732186844:g:OaIAAeSw4u1p896t&itmprp=enc%3AAQALAAAA0GfYFPkwiKCW4ZNSs2u11xCR7Rdl8xGlnCaK50bGmd3vpf%2FoVcxX9KDOkkV22bH2mjcioFWCWVYZpeuanvw5LUDvyD9ZMh77MbYOMSfX8uY85a36XgDitZ%2B3Gn3WjcEdQMo3CEhGYmcNng3ygaCSNmw9ndD8kdV1waTzt2m%2BB3XwC9mjWMe5Rn%2B97QycNOjsXrRh%2FbZVRw52fPjsjEvsKH05HEtMnLSd10Z8CwoKDIivsweNpOuzewUaKFSnX2hzqPUR3jEHVj7RuEEcFEapQAY%3D%7Ctkp%3ABk9SR5qU4OG8Zw","","","Brand New · US M 9.5 · Nike · Nike P-6000","","","https://i.ebayimg.com/images/g/OaIAAeSw4u1p896t/s-l500.webp",false,false,1,52,2026-05-02T00:35:04.3075739+00:00
"298280410503","ebay","nike shoes","SGpSo KR ZHn soPCr eFdK","$70.00",70.00,"https://www.ebay.com/itm/298280410503?_skw=nike+shoes&epid=3063137009&itmmeta=01KQK1R17TVZE59FP1BJQB0KG1&hash=item4572e5dd87:g:I1AAAeSwx-Bp9Qk6&itmprp=enc%3AAQALAAAA0GfYFPkwiKCW4ZNSs2u11xDfzXxwa8ZvlPM00qxpm5SkExc3Jy9lS85blUCqie2Py9XDY7TLNflp7Hb%2Fy20mS49rTZPF3vmAqivBP3zlKs%2BWsbnOAHoACvUr7WKiTaQDpctG891M6fPImX2x%2F5UpBtgMmK88lSMQndjEi%2FsaMyAisdW7zqsYtMupFhQBqz3KLaL2cLD8PnbSrZBnxdC%2Fhdrxg1EHqPTeD3Lkj%2FEflz05przKqF6k1DAqtWPQD0M7OdLe0BaFEpTf14jbAXd72ic%3D%7Ctkp%3ABk9SR5qU4OG8Zw","","","Brand New · US M 9 · Nike · Nike Air","","","https://i.ebayimg.com/images/g/I1AAAeSwx-Bp9Qk6/s-l500.webp",false,false,1,53,2026-05-02T00:35:04.3075796+00:00
"377156197023","ebay","nike shoes","8SpoR Pn6 6X soreRd7","$115.00",115.00,"https://www.ebay.com/itm/377156197023?_skw=nike+shoes&itmmeta=01KQK1R17TS90TJZGYG9JBRH28&hash=item57d042da9f:g:jO8AAeSw44Jp9Tj7&itmprp=enc%3AAQALAAAA0GfYFPkwiKCW4ZNSs2u11xDSjEtGzByjd7G1zmgCMFtEqe1FMORTd8r5IRylWflk5hzDoVs2eJBtPWEeV52jN7doOFBOUSzvzQERUPGDTGrahoywXGP5nvAOSoEON5kjQX7A94hQSmNZzlWrZMQBjvfEcwa2UUbzhHH8xP2zh0KkYVooIWiKQZXasnwFYGnb51swBlBzBmYjaAlGdWcz8LHB1RT5fCEaF7o6qBD4WHB385FQQkFF2ZfcRXppHoomfW%2FfciiPhf%2BnSXWEPpVra3w%3D%7Ctkp%3ABk9SR5qU4OG8Zw","","","Brand New · US M 5 · Nike · Nike Dunk","","","https://i.ebayimg.com/images/g/jO8AAeSw44Jp9Tj7/s-l500.webp",false,false,1,54,2026-05-02T00:35:04.3075846+00:00
"236792136800","ebay","nike shoes","YSF 2pR oBnsQ PE orU7ed N","$55.00",55.00,"https://www.ebay.com/itm/236792136800?_skw=nike+shoes&epid=19054378888&itmmeta=01KQK1R17THVVHYX90YP221PP9&hash=item3721e94460:g:i~wAAeSwKnpp9Trj&itmprp=enc%3AAQALAAAA0GfYFPkwiKCW4ZNSs2u11xDcDw6IkxlMIwUq8KKGA6SFzc1GQ8eD7QO1yj6d7rzkAo0piVdQuOWQP1eqoBSd78Keb%2FHtA%2FayDDaoKMhV6Dt%2BaMbyJZ52L9PvVk3FTo9k4oEFsguJOapDa8mK0m%2F3b6rhSUxitYrekAD%2B84cRuEyZAMhtoTkUpS9vWayyetxr5huk5V5kgE1sWIuWJ57HmlOsgLbEnYwQG1VQBQfjoJ2R3YITsgpM%2BPgXHgOcS8pRi8JDx71U2i1rCdfub3hs5Cw%3D%7Ctkp%3ABk9SR5qU4OG8Zw","","","Pre-Owned · US M 9.5 · Nike · Nike Air Max","","","https://i.ebayimg.com/images/g/i~wAAeSwKnpp9Trj/s-l500.webp",false,false,1,55,2026-05-02T00:35:04.3075897+00:00
"318234544482","ebay","nike shoes","SpK0onso KHre QU dQH I9","$145.00",145.00,"https://www.ebay.com/itm/318234544482?_skw=nike+shoes&itmmeta=01KQK1R17T5N9E3AAPF1035Q9Y&hash=item4a1841c962:g:SWMAAeSwg6Bp9T-5&itmprp=enc%3AAQALAAAA8GfYFPkwiKCW4ZNSs2u11xCij5qvi1DuhLdyU9It1hsryk6hhDJ8kR%2BsI4yxaSlQwlpMysO1qA1ufA1BH6UNFex2R5TlLpaORrv2LB7MBSSsvYT67FhXn9AEM2BNatnDuIngET48eCAkLMFBDssect26nutSM7w1xsdXYB%2B9Ps8RHtenaCgamNBtafAnegbsZh3FK7UvtJ9bo2CJ0R0xES9cv8FiQq%2BHLDkfWdzvm8qmXRIFBBFymhV3Nld06s16UGEUYzVV%2F1cfggLwok%2B33okh3PMUdZJQqaK%2FPWH0rHAB27hsx%2ByOnSq6%2FxkJ9bfZUw%3D%3D%7Ctkp%3ABk9SR5qU4OG8Zw","","","Pre-Owned · US M 9 · Nike · Nike Air Max","","","https://i.ebayimg.com/images/g/SWMAAeSwg6Bp9T-5/s-l500.webp",false,false,1,56,2026-05-02T00:35:04.3075945+00:00
"377155986577","ebay","nike shoes","0SpNonsored XK VJ DV","$90.00",90.00,"https://www.ebay.com/itm/377155986577?_skw=nike+shoes&epid=28070059362&itmmeta=01KQK1R17T7WNWYDTNK4J798AS&hash=item57d03fa491:g:ouQAAeSwxChp9Rvl&itmprp=enc%3AAQALAAAA0GfYFPkwiKCW4ZNSs2u11xDf2ef0BAtEeTOojYUGsbXZRKiNiU1yqacJSkP9Bpsfybn6v8TDlqU%2BYyt2v21orvnWwEfiIbo45b59xUQ9EOV0j1du27soPK3Kx4kJHRGcPbQEGkk5fLTBgpwHLT5wmbyV460tGm05V8tOokds5ijAN3Oqt0qbEAhBRpOnfW0GoTgggMWcbY6MHbCNPzUumLkIJgBkvp10qWcY7j%2FqLqIcxwarTLjGj0fDSXnXCFyHYdqStwE2EC87UzwTIMWqEQk%3D%7Ctkp%3ABk9SR5qU4OG8Zw","","","Pre-Owned · US M 9 · Nike · Nike Air Max","","","https://i.ebayimg.com/images/g/ouQAAeSwxChp9Rvl/s-l500.webp",false,false,1,57,2026-05-02T00:35:04.3075995+00:00
"287302550371","ebay","nike shoes","SGZ 7p3 VonsZ oYOr edIS A","$59.00",59.00,"https://www.ebay.com/itm/287302550371?_skw=nike+shoes&epid=10056109878&itmmeta=01KQK1R17TCJAH5EGBFKZBQ9QB&hash=item42e4910363:g:yIgAAOSwtyZnuo74&itmprp=enc%3AAQALAAAA0GfYFPkwiKCW4ZNSs2u11xBoiArRKZ5%2FYKVZkT6YXtrt6orfOY%2BheU76a6WWJQB15O0G0sFgwBxr4nIYEH5sPubZJ%2B7ZisptsUQbng30zJonoDyy11UY9Tj%2BzpyeI8hAWPcxUFInBcqtbwdDpfi1siOWJxX8TAvj7w2Hev5JcXygR%2B15n6fsYfppzuQbFov2BATICO8QBwH0fl0xfO0zQNqYOf2FCoZ9eKNmFEicui8v2x%2BHkxqRhJNTMmYflK%2Fnlzt35DTnRSDY8wC%2BO4pXKos%3D%7Ctkp%3ABk9SR5qU4OG8Zw","","","Brand New · US M 8.5 · Nike · Nike Run","","","https://i.ebayimg.com/images/g/yIgAAOSwtyZnuo74/s-l500.webp",false,false,1,58,2026-05-02T00:35:04.3076044+00:00
"386685974379","ebay","nike shoes","PSpoKn Bs4 TJo CrB еQdR","$90.00",90.00,"https://www.ebay.com/itm/386685974379?_skw=nike+shoes&epid=16039800544&itmmeta=01KQK1R17TYAT8R6Y2GVWYSQ91&hash=item5a0847b76b:g:DzkAAOSwFH5lnaDS&itmprp=enc%3AAQALAAAAwGfYFPkwiKCW4ZNSs2u11xCAAuH73ikFnLKJ7591gsZAKqXx3mU8QCTnKJZ1G0JMWeKIyvoQBPlVvwqWx8Oh4834vXRjeFS7XsVu1tov79gXf9PGiUX9AvgdbibHY50xPO0KDbguuhY%2FjD159vHAqeto6BD4DyJ%2Bdwt7IKBGzYRBufKOOC6FMW%2FJltOuBB5tWQ1pRji4fN9l19MCA7RsILBoQzj%2BE64mjIHIClaaawNxosUO59H0qHGBbI5tJCf7sA%3D%3D%7Ctkp%3ABlBMUJqU4OG8Zw","","","Pre-Owned · US M 7 · Jordan · Air Jordan","","","https://i.ebayimg.com/images/g/DzkAAOSwFH5lnaDS/s-l500.webp",false,false,1,59,2026-05-02T00:35:04.3076093+00:00
"198280364243","ebay","nike shoes","9SpoQ n8Hso rеRW dKF 7B","$150.00",150.00,"https://www.ebay.com/itm/198280364243?_skw=nike+shoes&itmmeta=01KQK1R17TV5R788EKR3P7JCSW&hash=item2e2a6e40d3:g:gGYAAeSwN8dp3eua&itmprp=enc%3AAQALAAAA8GfYFPkwiKCW4ZNSs2u11xC1gqdurs7cxSnVNgXqNgoWppnRx2qU2jKOMSiqZRC%2FfLtEKO4dQFyy%2Bo9agSiNexsTTdjXFKQErE05kdCcw2Fr%2Fjxw19nNJ5G2G%2FdnUs1dOxSOrj0ILjMvJbJWnglasfUCOTphZC%2FDVPyhXJm4tvM3Z8sS3JtCo2wRhZY1KYaPTuXGCmSHLMqKL0Xs9oTLMw2As5tVcOUi9KBwAXrt4dtiIFLLiISYfGSH3mWrSWv2fgeWWTZJflPjxT6yiRZBT1zRIle8as4hgcvEnAW9qaL0TCFkcZPcWoWfjahidtDJCg%3D%3D%7Ctkp%3ABFBMmpTg4bxn","","","Brand New · US M 6.5 + more","","","https://i.ebayimg.com/images/g/gGYAAeSwN8dp3eua/s-l500.webp",false,false,1,60,2026-05-02T00:35:04.3076137+00:00
